NAME,GEOID,GEO_ID,tract,total,pct_nh_black,pct_nh_black_moe,pct_nh_black_moe_ratio
Census Tract 3010; Contra Costa County; California,06013301000,1400000US06013301000,301000,5329.0,,0.03661874038928267,0.4187580848379557
Census Tract 3020.05; Contra Costa County; California,06013302005,1400000US06013302005,302005,7539.0,,0.06445601933999749,0.44910714399652596
Census Tract 3020.06; Contra Costa County; California,06013302006,1400000US06013302006,302006,4183.0,,0.0681399404195028,0.8663506710479643
Census Tract 3020.07; Contra Costa County; California,06013302007,1400000US06013302007,302007,6652.0,,0.03093576124171031,1.1004528544377379
Census Tract 3020.09; Contra Costa County; California,06013302009,1400000US06013302009,302009,6806.0,,0.06840560720824258,0.4073215771297454
Census Tract 3020.11; Contra Costa County; California,06013302011,1400000US06013302011,302011,4915.0,,0.10691430629061072,0.5508216094531988
Census Tract 3020.12; Contra Costa County; California,06013302012,1400000US06013302012,302012,5810.0,,0.08524335292242577,0.937999773635026
Census Tract 3020.13; Contra Costa County; California,06013302013,1400000US06013302013,302013,2961.0,,0.020896297686702484,0.703112925571887
Census Tract 3020.14; Contra Costa County; California,06013302014,1400000US06013302014,302014,7602.0,,0.018289225836015294,0.9394236135499208
Census Tract 3031.04; Contra Costa County; California,06013303104,1400000US06013303104,303104,6060.0,,0.04502767328021311,0.8773881031449885
Census Tract 3031.05; Contra Costa County; California,06013303105,1400000US06013303105,303105,3326.0,,0.1007928590773576,0.5770000848387116
Census Tract 3031.06; Contra Costa County; California,06013303106,1400000US06013303106,303106,8245.0,0.04596725288053366,0.011237580457020417,0.2444692635043096
Census Tract 3031.07; Contra Costa County; California,06013303107,1400000US06013303107,303107,7260.0,,0.10508201367224927,0.7279536443325665
Census Tract 3032.02; Contra Costa County; California,06013303202,1400000US06013303202,303202,9146.0,,0.10355963858059315,0.911603902269591
Census Tract 3032.04; Contra Costa County; California,06013303204,1400000US06013303204,303204,4735.0,,0.029903033125691182,0.6237482900887565
Census Tract 3032.06; Contra Costa County; California,06013303206,1400000US06013303206,303206,5452.0,,0.06069109038275729,0.4209768762936294
Census Tract 3032.07; Contra Costa County; California,06013303207,1400000US06013303207,303207,8270.0,,0.15841527808717631,0.48112168556039225
Census Tract 3032.08; Contra Costa County; California,06013303208,1400000US06013303208,303208,4060.0,,0.029842418521315493,1.4597616770667579
Census Tract 3032.09; Contra Costa County; California,06013303209,1400000US06013303209,303209,5340.0,,0.07236139059997648,0.6538237323246606
Census Tract 3032.10; Contra Costa County; California,06013303210,1400000US06013303210,303210,3598.0,,0.018998956904820744,0.8235933366692172
Census Tract 3032.11; Contra Costa County; California,06013303211,1400000US06013303211,303211,4679.0,,0.056504329089640475,0.7868564161024637
Census Tract 3040.01; Contra Costa County; California,06013304001,1400000US06013304001,304001,5895.0,,0.04823927669851098,0.4623911156710931
Census Tract 3040.02; Contra Costa County; California,06013304002,1400000US06013304002,304002,1997.0,,0.02052575678280127,20.49496814762707
Census Tract 3040.03; Contra Costa County; California,06013304003,1400000US06013304003,304003,3279.0,,0.015176101497932071,0.9757340551317503
Census Tract 3040.04; Contra Costa County; California,06013304004,1400000US06013304004,304004,3634.0,,0.007414380867180931,1.5849329453726768
Census Tract 3040.06; Contra Costa County; California,06013304006,1400000US06013304006,304006,3292.0,,0.028519628961757852,0.6057201196264957
Census Tract 3040.07; Contra Costa County; California,06013304007,1400000US06013304007,304007,5509.0,,0.09846698247690482,0.908634181683867
Census Tract 3050; Contra Costa County; California,06013305000,1400000US06013305000,305000,7425.0,,0.06762151548675008,0.48324326514833427
Census Tract 3060.02; Contra Costa County; California,06013306002,1400000US06013306002,306002,4439.0,0.06397837350754675,,
Census Tract 3060.03; Contra Costa County; California,06013306003,1400000US06013306003,306003,5166.0,,0.04392132404141961,0.4593068016153314
Census Tract 3060.04; Contra Costa County; California,06013306004,1400000US06013306004,306004,3863.0,,0.054950109962966696,0.7220145400916338
Census Tract 3071.01; Contra Costa County; California,06013307101,1400000US06013307101,307101,4696.0,,0.050915872403331904,0.4580477716590931
Census Tract 3071.02; Contra Costa County; California,06013307102,1400000US06013307102,307102,5694.0,0.09852476290832456,0.03339003661491116,0.33889994382407157
Census Tract 3072.01; Contra Costa County; California,06013307201,1400000US06013307201,307201,4224.0,,0.056823585492769994,0.5333840558254677
Census Tract 3072.02; Contra Costa County; California,06013307202,1400000US06013307202,307202,4481.0,0.28051774157554116,0.07712245155845619,0.27492896215866525
Census Tract 3072.04; Contra Costa County; California,06013307204,1400000US06013307204,307204,4567.0,,0.06340275965904488,0.752104943799631
Census Tract 3072.05; Contra Costa County; California,06013307205,1400000US06013307205,307205,7818.0,0.21974929649526734,0.07529164896501603,0.34262521048224404
Census Tract 3080.01; Contra Costa County; California,06013308001,1400000US06013308001,308001,7523.0,,0.04693797484458299,0.47782731360730424
Census Tract 3080.02; Contra Costa County; California,06013308002,1400000US06013308002,308002,4486.0,0.2059741417744093,0.06660074589742228,0.3233451797573986
Census Tract 3090; Contra Costa County; California,06013309000,1400000US06013309000,309000,3600.0,0.21861111111111112,0.06406599995917851,0.29305921201149
Census Tract 3100; Contra Costa County; California,06013310000,1400000US06013310000,310000,6257.0,0.15742368547227106,0.04553263074261537,0.2892362137629892
Census Tract 3110; Contra Costa County; California,06013311000,1400000US06013311000,311000,5392.0,,0.04154911804284071,0.4267292275942803
Census Tract 3120; Contra Costa County; California,06013312000,1400000US06013312000,312000,2818.0,0.19552874378992194,0.06092439246401005,0.31158790918980095
Census Tract 3131.02; Contra Costa County; California,06013313102,1400000US06013313102,313102,4796.0,0.25875729774812345,0.09354775419016224,0.36152701780501056
Census Tract 3131.04; Contra Costa County; California,06013313104,1400000US06013313104,313104,2909.0,,0.05626250873059727,0.5279601222493789
Census Tract 3131.05; Contra Costa County; California,06013313105,1400000US06013313105,313105,6007.0,,0.12243881474804408,0.4357168010613156
Census Tract 3131.06; Contra Costa County; California,06013313106,1400000US06013313106,313106,7094.0,,0.040432863567354836,0.5547983252356193
Census Tract 3131.07; Contra Costa County; California,06013313107,1400000US06013313107,313107,2718.0,0.19352465047829287,0.07697230613762183,0.3977390267719699
Census Tract 3132.03; Contra Costa County; California,06013313203,1400000US06013313203,313203,3382.0,,0.083087340309461,0.9273973099887692
Census Tract 3132.04; Contra Costa County; California,06013313204,1400000US06013313204,313204,5864.0,0.11596180081855388,0.03968442705533264,0.3422198239006921
Census Tract 3132.05; Contra Costa County; California,06013313205,1400000US06013313205,313205,1978.0,,0.018407370008564336,1.2136592625646754
Census Tract 3132.06; Contra Costa County; California,06013313206,1400000US06013313206,313206,6290.0,0.1,0.03949816764013746,0.39498167640137455
Census Tract 3141.02; Contra Costa County; California,06013314102,1400000US06013314102,314102,6912.0,,0.037002338952008426,0.42769258668274623
Census Tract 3141.03; Contra Costa County; California,06013314103,1400000US06013314103,314103,5554.0,0.1386388188692834,0.040700921488069676,0.29357521811005066
Census Tract 3141.05; Contra Costa County; California,06013314105,1400000US06013314105,314105,3958.0,,0.12371578441063089,0.6174868533383064
Census Tract 3141.06; Contra Costa County; California,06013314106,1400000US06013314106,314106,4176.0,,0.03428368997107962,0.5342115273105541
Census Tract 3142; Contra Costa County; California,06013314200,1400000US06013314200,314200,7185.0,,0.009791364181343777,0.9506885357156086
Census Tract 3150; Contra Costa County; California,06013315000,1400000US06013315000,315000,3772.0,,0.08482594198880224,0.5723854260854419
Census Tract 3160; Contra Costa County; California,06013316000,1400000US06013316000,316000,1112.0,0.18884892086330934,0.07528107862153381,0.39863123536736
Census Tract 3170; Contra Costa County; California,06013317000,1400000US06013317000,317000,1934.0,,0.02306306046480538,1.087901437534966
Census Tract 3180; Contra Costa County; California,06013318000,1400000US06013318000,318000,3512.0,,0.047925848056777146,0.945593136940457
Census Tract 3190.01; Contra Costa County; California,06013319001,1400000US06013319001,319001,4236.0,,0.031012432042896013,0.7139601202918886
Census Tract 3190.02; Contra Costa County; California,06013319002,1400000US06013319002,319002,3943.0,,0.03055066852011147,0.9411037966781214
Census Tract 3200.01; Contra Costa County; California,06013320001,1400000US06013320001,320001,3100.0,,0.005130153469488152,1.590347575541327
Census Tract 3200.03; Contra Costa County; California,06013320003,1400000US06013320003,320003,3068.0,,0.00455522228880059,1.7469277477550262
Census Tract 3200.04; Contra Costa County; California,06013320004,1400000US06013320004,320004,6599.0,,0.011588390523075394,0.8996681066091121
Census Tract 3211.01; Contra Costa County; California,06013321101,1400000US06013321101,321101,6866.0,,0.019177543603552723,0.5878259570624687
Census Tract 3211.02; Contra Costa County; California,06013321102,1400000US06013321102,321102,6133.0,,0.01666177029095039,0.7351556632690558
Census Tract 3211.03; Contra Costa County; California,06013321103,1400000US06013321103,321103,4546.0,,0.01558135912408837,1.3888795799628573
Census Tract 3212; Contra Costa County; California,06013321200,1400000US06013321200,321200,5616.0,,0.03644559933619133,0.9840311820771659
Census Tract 3220; Contra Costa County; California,06013322000,1400000US06013322000,322000,6755.0,,0.014525676722412503,0.8386405663239013
Census Tract 3230; Contra Costa County; California,06013323000,1400000US06013323000,323000,4669.0,,0.0053255229300863925,1.2432433280286683
Census Tract 3240.02; Contra Costa County; California,06013324002,1400000US06013324002,324002,4740.0,,0.06644697449081398,0.6349972965452788
Census Tract 3240.03; Contra Costa County; California,06013324003,1400000US06013324003,324003,3449.0,,0.06263912591142515,0.7373458882884142
Census Tract 3240.04; Contra Costa County; California,06013324004,1400000US06013324004,324004,2413.0,,0.029432793537989214,0.9105298821431792
Census Tract 3250; Contra Costa County; California,06013325000,1400000US06013325000,325000,6161.0,,0.05824392575196257,1.0223385372018274
Census Tract 3260; Contra Costa County; California,06013326000,1400000US06013326000,326000,3639.0,,0.03504061221737782,1.2625028500894842
Census Tract 3270.01; Contra Costa County; California,06013327001,1400000US06013327001,327001,3479.0,,0.11292593960371837,1.2277166996291755
Census Tract 3270.02; Contra Costa County; California,06013327002,1400000US06013327002,327002,3833.0,,0.01915062727630574,0.8951750530497548
Census Tract 3280; Contra Costa County; California,06013328000,1400000US06013328000,328000,2326.0,,0.04000650272045487,0.8696740684839068
Census Tract 3290; Contra Costa County; California,06013329000,1400000US06013329000,329000,6488.0,,0.04075195404627903,0.5485449747972165
Census Tract 3300; Contra Costa County; California,06013330000,1400000US06013330000,330000,5587.0,,0.00942237545507811,0.7976183585988091
Census Tract 3310; Contra Costa County; California,06013331000,1400000US06013331000,331000,7789.0,,0.02643116756084521,0.5932921156525168
Census Tract 3320; Contra Costa County; California,06013332000,1400000US06013332000,332000,8109.0,,0.015365053776481721,0.8475865379148999
Census Tract 3331.01; Contra Costa County; California,06013333101,1400000US06013333101,333101,3951.0,,0.026648690469042752,1.332771848647948
Census Tract 3331.02; Contra Costa County; California,06013333102,1400000US06013333102,333102,4251.0,,0.017638380916171044,0.7976676305813097
Census Tract 3332; Contra Costa County; California,06013333200,1400000US06013333200,333200,5866.0,,0.026927767181638675,0.9934483162735375
Census Tract 3340.01; Contra Costa County; California,06013334001,1400000US06013334001,334001,3960.0,,0.003966091804245887,0.8725401969340951
Census Tract 3340.06; Contra Costa County; California,06013334006,1400000US06013334006,334006,4731.0,,0.03625400595647941,0.6673840551755023
Census Tract 3340.07; Contra Costa County; California,06013334007,1400000US06013334007,334007,3435.0,,0.04292321370472557,0.9764320468591546
Census Tract 3340.08; Contra Costa County; California,06013334008,1400000US06013334008,334008,3793.0,,0.1604754776261537,0.8658371075903285
Census Tract 3342; Contra Costa County; California,06013334200,1400000US06013334200,334200,7547.0,,0.015962160588520423,0.5736496474360173
Census Tract 3350; Contra Costa County; California,06013335000,1400000US06013335000,335000,3612.0,,0.010984682772388373,1.4695064508839555
Census Tract 3361.01; Contra Costa County; California,06013336101,1400000US06013336101,336101,4438.0,,0.03859764204693259,0.7137347308511952
Census Tract 3361.03; Contra Costa County; California,06013336103,1400000US06013336103,336103,4862.0,,0.018107846777768874,0.8151884354954839
Census Tract 3361.04; Contra Costa County; California,06013336104,1400000US06013336104,336104,2539.0,,0.0625112639877403,0.5668432116602594
Census Tract 3362.01; Contra Costa County; California,06013336201,1400000US06013336201,336201,3376.0,,0.03493364882483633,0.9746776729970863
Census Tract 3362.02; Contra Costa County; California,06013336202,1400000US06013336202,336202,6012.0,,0.04251179589991255,0.9681095339025539
Census Tract 3371; Contra Costa County; California,06013337100,1400000US06013337100,337100,3160.0,,0.04762392014286339,1.0032772510096553
Census Tract 3372.01; Contra Costa County; California,06013337201,1400000US06013337201,337201,3139.0,,0.012013297451600836,1.39665706298426
Census Tract 3372.02; Contra Costa County; California,06013337202,1400000US06013337202,337202,5515.0,,0.029056274003811968,1.136491851993071
Census Tract 3373; Contra Costa County; California,06013337300,1400000US06013337300,337300,5994.0,,0.007127637894784428,0.9494013675852858
Census Tract 3381.01; Contra Costa County; California,06013338101,1400000US06013338101,338101,5543.0,,0.005807022610262335,0.715296140637425
Census Tract 3381.02; Contra Costa County; California,06013338102,1400000US06013338102,338102,3231.0,,0.014650039053406108,0.7282196335623867
Census Tract 3382.01; Contra Costa County; California,06013338201,1400000US06013338201,338201,4019.0,,0.05689967105359946,1.0636268742530988
Census Tract 3382.03; Contra Costa County; California,06013338203,1400000US06013338203,338203,5431.0,,0.052419132161828905,1.1342163616370229
Census Tract 3382.04; Contra Costa County; California,06013338204,1400000US06013338204,338204,6600.0,,0.025852240468510427,0.5033179560240968
Census Tract 3383.01; Contra Costa County; California,06013338301,1400000US06013338301,338301,2910.0,,0.0065172926261261345,2.107257949114117
Census Tract 3383.02; Contra Costa County; California,06013338302,1400000US06013338302,338302,5513.0,,0.015127884115575495,0.9811767662255024
Census Tract 3390.01; Contra Costa County; California,06013339001,1400000US06013339001,339001,3659.0,,0.04977988064883506,0.771799081754608
Census Tract 3390.03; Contra Costa County; California,06013339003,1400000US06013339003,339003,4153.0,,0.01510404211225045,1.1835299413618137
Census Tract 3390.04; Contra Costa County; California,06013339004,1400000US06013339004,339004,3319.0,,0.03470829930578366,1.2658993999549009
Census Tract 3400.01; Contra Costa County; California,06013340001,1400000US06013340001,340001,6118.0,,0.04596846946039694,0.969776193650719
Census Tract 3400.03; Contra Costa County; California,06013340003,1400000US06013340003,340003,3718.0,,0.01232334880403219,1.3090917386683336
Census Tract 3400.04; Contra Costa County; California,06013340004,1400000US06013340004,340004,3940.0,,0.00303294506078998,1.493725442439065
Census Tract 3410; Contra Costa County; California,06013341000,1400000US06013341000,341000,4760.0,,0.023333329594801534,0.6457363306468331
Census Tract 3430.01; Contra Costa County; California,06013343001,1400000US06013343001,343001,5940.0,,0.0045187568656145935,1.5789068106912167
Census Tract 3430.02; Contra Costa County; California,06013343002,1400000US06013343002,343002,4658.0,,0.022261326199349757,1.2801636720564342
Census Tract 3430.03; Contra Costa County; California,06013343003,1400000US06013343003,343003,3847.0,,0.006999439516336071,0.9972905118275875
Census Tract 3451.01; Contra Costa County; California,06013345101,1400000US06013345101,345101,6622.0,,0.01000106020479131,1.0347971980645008
Census Tract 3451.02; Contra Costa County; California,06013345102,1400000US06013345102,345102,4533.0,,0.018559343761026706,0.8167913132886802
Census Tract 3451.03; Contra Costa County; California,06013345103,1400000US06013345103,345103,5286.0,,0.021102125350770263,1.1267256020623395
Census Tract 3451.05; Contra Costa County; California,06013345105,1400000US06013345105,345105,6233.0,,0.004957796844707364,1.4046339878664094
Census Tract 3451.11; Contra Costa County; California,06013345111,1400000US06013345111,345111,5850.0,,0.011888976263450306,0.8916732197587729
Census Tract 3451.12; Contra Costa County; California,06013345112,1400000US06013345112,345112,7723.0,,0.023062977791043476,0.957609556345316
Census Tract 3451.13; Contra Costa County; California,06013345113,1400000US06013345113,345113,4767.0,,0.014398744155238286,1.1252264489839494
Census Tract 3451.14; Contra Costa County; California,06013345114,1400000US06013345114,345114,6571.0,,0.0028861023252759414,1.896457837938821
Census Tract 3451.15; Contra Costa County; California,06013345115,1400000US06013345115,345115,6758.0,,0.009255054395892953,1.1371937746808103
Census Tract 3451.16; Contra Costa County; California,06013345116,1400000US06013345116,345116,2961.0,,0.022216065570490905,0.8326806348635895
Census Tract 3451.17; Contra Costa County; California,06013345117,1400000US06013345117,345117,4652.0,,0.00852375119130359,1.5860996216777723
Census Tract 3451.18; Contra Costa County; California,06013345118,1400000US06013345118,345118,3525.0,,0.0392500132783824,0.6917814840314899
Census Tract 3452.03; Contra Costa County; California,06013345203,1400000US06013345203,345203,6954.0,,0.00628388642879627,1.181030979077007
Census Tract 3452.04; Contra Costa County; California,06013345204,1400000US06013345204,345204,3152.0,,0.004124365482233503,inf
Census Tract 3452.05; Contra Costa County; California,06013345205,1400000US06013345205,345205,5779.0,,0.03227389114499156,1.5806001434483579
Census Tract 3452.06; Contra Costa County; California,06013345206,1400000US06013345206,345206,3622.0,,0.019437211258537652,1.303732947748581
Census Tract 3461.01; Contra Costa County; California,06013346101,1400000US06013346101,346101,3364.0,,0.03133416125190912,0.9944162118058705
Census Tract 3461.02; Contra Costa County; California,06013346102,1400000US06013346102,346102,5396.0,,0.0014747522510481987,1.591552629331216
Census Tract 3462.03; Contra Costa County; California,06013346203,1400000US06013346203,346203,4033.0,,0.00935879110177512,0.8777675468246292
Census Tract 3462.04; Contra Costa County; California,06013346204,1400000US06013346204,346204,7894.0,,0.03441615436242319,1.379091992573445
Census Tract 3462.05; Contra Costa County; California,06013346205,1400000US06013346205,346205,4325.0,,0.00782781639871025,1.5388775420191743
Census Tract 3462.06; Contra Costa County; California,06013346206,1400000US06013346206,346206,3216.0,,0.039251364770034866,1.342897756387576
Census Tract 3470; Contra Costa County; California,06013347000,1400000US06013347000,347000,6724.0,,0.010825591231186921,1.6543471690568377
Census Tract 3480; Contra Costa County; California,06013348000,1400000US06013348000,348000,4819.0,,0.0026976551151691223,inf
Census Tract 3490; Contra Costa County; California,06013349000,1400000US06013349000,349000,5815.0,,0.009422704675392083,1.565515076782999
Census Tract 3500; Contra Costa County; California,06013350000,1400000US06013350000,350000,6150.0,,0.011511650484857649,1.4749302183723862
Census Tract 3511.01; Contra Costa County; California,06013351101,1400000US06013351101,351101,2737.0,,0.0047497259773474606,inf
Census Tract 3511.03; Contra Costa County; California,06013351103,1400000US06013351103,351103,1929.0,,0.0031086353974327714,2.998278840823908
Census Tract 3511.04; Contra Costa County; California,06013351104,1400000US06013351104,351104,1667.0,,0.010172532182018126,1.6957611147424214
Census Tract 3511.05; Contra Costa County; California,06013351105,1400000US06013351105,351105,1814.0,,0.016317082777169607,1.138430313760987
Census Tract 3512; Contra Costa County; California,06013351200,1400000US06013351200,351200,5525.0,,0.002347521856566374,1.8528654653613166
Census Tract 3521.01; Contra Costa County; California,06013352101,1400000US06013352101,352101,3628.0,,0.012424672308486255,0.4376379721862925
Census Tract 3521.02; Contra Costa County; California,06013352102,1400000US06013352102,352102,5187.0,,0.006329978349776671,0.8873945324403133
Census Tract 3522.01; Contra Costa County; California,06013352201,1400000US06013352201,352201,6070.0,,0.007063331916457161,1.383045959125644
Census Tract 3522.02; Contra Costa County; California,06013352202,1400000US06013352202,352202,2674.0,,0.0048616305160807775,inf
Census Tract 3530.01; Contra Costa County; California,06013353001,1400000US06013353001,353001,4420.0,,0.0029411764705882353,inf
Census Tract 3530.02; Contra Costa County; California,06013353002,1400000US06013353002,353002,4182.0,,0.008340725797871143,1.090028602709285
Census Tract 3540.01; Contra Costa County; California,06013354001,1400000US06013354001,354001,2396.0,,0.005425709515859766,inf
Census Tract 3540.02; Contra Costa County; California,06013354002,1400000US06013354002,354002,6943.0,,0.003309346316196916,2.088799224850472
Census Tract 3551.07; Contra Costa County; California,06013355107,1400000US06013355107,355107,5607.0,,0.0984753516135855,0.546684451977598
Census Tract 3551.09; Contra Costa County; California,06013355109,1400000US06013355109,355109,7471.0,,0.1570893137554292,0.565052606194902
Census Tract 3551.10; Contra Costa County; California,06013355110,1400000US06013355110,355110,4112.0,,0.1356476770703159,0.4131727763801029
Census Tract 3551.11; Contra Costa County; California,06013355111,1400000US06013355111,355111,6569.0,0.14598873496727052,0.03751006947930952,0.25693810887339336
Census Tract 3551.12; Contra Costa County; California,06013355112,1400000US06013355112,355112,5800.0,,0.03477769423603852,1.1022438610329148
Census Tract 3551.13; Contra Costa County; California,06013355113,1400000US06013355113,355113,5423.0,,0.11018026337555632,1.2500158332335607
Census Tract 3551.15; Contra Costa County; California,06013355115,1400000US06013355115,355115,10013.0,,0.030131591466389347,0.5406946690913199
Census Tract 3551.18; Contra Costa County; California,06013355118,1400000US06013355118,355118,3769.0,0.1679490581055983,0.06053794187931709,0.36045419106342197
Census Tract 3551.19; Contra Costa County; California,06013355119,1400000US06013355119,355119,5288.0,0.2821482602118003,0.07608728811331035,0.26967129996192035
Census Tract 3551.20; Contra Costa County; California,06013355120,1400000US06013355120,355120,4036.0,0.37338949454905845,0.08614911085790515,0.23072183903285018
Census Tract 3551.21; Contra Costa County; California,06013355121,1400000US06013355121,355121,6409.0,,0.05954539776049236,1.2310530782161146
Census Tract 3551.22; Contra Costa County; California,06013355122,1400000US06013355122,355122,5559.0,,0.036013847473195686,1.334673187356632
Census Tract 3551.23; Contra Costa County; California,06013355123,1400000US06013355123,355123,3333.0,,0.039184733995651456,1.155776269092976
Census Tract 3551.24; Contra Costa County; California,06013355124,1400000US06013355124,355124,4601.0,,0.002825472723321017,inf
Census Tract 3551.25; Contra Costa County; California,06013355125,1400000US06013355125,355125,4096.0,,0.027796634953670126,0.889492318517444
Census Tract 3551.26; Contra Costa County; California,06013355126,1400000US06013355126,355126,5773.0,,0.040580992901091996,1.5412767895921322
Census Tract 3552.01; Contra Costa County; California,06013355201,1400000US06013355201,355201,8114.0,0.09489770766576287,0.03554355301252789,0.3745459599268199
Census Tract 3552.02; Contra Costa County; California,06013355202,1400000US06013355202,355202,3981.0,0.32378799296659133,0.11544212727230833,0.35653615878282346
Census Tract 3553.02; Contra Costa County; California,06013355302,1400000US06013355302,355302,3454.0,,0.011765016147165953,0.9911308724953951
Census Tract 3553.06; Contra Costa County; California,06013355306,1400000US06013355306,355306,4550.0,,0.005220895658724654,0.6091044935178763
Census Tract 3553.07; Contra Costa County; California,06013355307,1400000US06013355307,355307,4397.0,,0.030314131997438803,1.5681322163851577
Census Tract 3553.08; Contra Costa County; California,06013355308,1400000US06013355308,355308,3570.0,,0.04444391230629338,1.1333197638104813
Census Tract 3553.09; Contra Costa County; California,06013355309,1400000US06013355309,355309,5150.0,,0.0036893203883495147,inf
Census Tract 3553.10; Contra Costa County; California,06013355310,1400000US06013355310,355310,3070.0,,0.04381126838445754,1.200898160181113
Census Tract 3560.01; Contra Costa County; California,06013356001,1400000US06013356001,356001,4025.0,0.11428571428571428,0.03457395358877447,0.30252209390177665
Census Tract 3560.02; Contra Costa County; California,06013356002,1400000US06013356002,356002,5688.0,,0.08887103640433379,0.6187251592017755
Census Tract 3570; Contra Costa County; California,06013357000,1400000US06013357000,357000,3458.0,,0.05636835514339711,0.6207699747957554
Census Tract 3580; Contra Costa County; California,06013358000,1400000US06013358000,358000,5859.0,,0.06651793832141632,0.4001320334960762
Census Tract 3591.02; Contra Costa County; California,06013359102,1400000US06013359102,359102,5061.0,0.16775340841730882,0.04267532790882684,0.25439320912434943
Census Tract 3591.03; Contra Costa County; California,06013359103,1400000US06013359103,359103,5435.0,0.1343146274149034,0.03169436086300028,0.23597102916494042
Census Tract 3591.04; Contra Costa County; California,06013359104,1400000US06013359104,359104,2537.0,,0.19164287770714064,0.6154404819531846
Census Tract 3591.05; Contra Costa County; California,06013359105,1400000US06013359105,359105,4927.0,0.19362695352141263,0.0764027202422551,0.39458721450061934
Census Tract 3592.02; Contra Costa County; California,06013359202,1400000US06013359202,359202,6819.0,0.06745857163807009,0.02660785880221046,0.39443258515711555
Census Tract 3592.03; Contra Costa County; California,06013359203,1400000US06013359203,359203,7200.0,0.15916666666666668,0.055617912616135114,0.34943191172440907
Census Tract 3592.04; Contra Costa County; California,06013359204,1400000US06013359204,359204,4340.0,0.20414746543778803,0.07654044377842613,0.37492723024646657
Census Tract 3601.01; Contra Costa County; California,06013360101,1400000US06013360101,360101,4224.0,,0.025867236688947047,0.5129728064512317
Census Tract 3601.02; Contra Costa County; California,06013360102,1400000US06013360102,360102,5030.0,,0.04794672302287523,0.4842811582430972
Census Tract 3602; Contra Costa County; California,06013360200,1400000US06013360200,360200,5482.0,,0.042043796874426956,0.42840909751971856
Census Tract 3610; Contra Costa County; California,06013361000,1400000US06013361000,361000,4973.0,0.10597225015081439,0.024302141789835526,0.2293255239484859
Census Tract 3620; Contra Costa County; California,06013362000,1400000US06013362000,362000,2832.0,,0.04400414209019361,0.5769431962936495
Census Tract 3630; Contra Costa County; California,06013363000,1400000US06013363000,363000,7793.0,0.196586680354164,0.06398065286081987,0.32545772045977106
Census Tract 3640.02; Contra Costa County; California,06013364002,1400000US06013364002,364002,5426.0,,0.04431691793413084,0.4203909033401992
Census Tract 3650.02; Contra Costa County; California,06013365002,1400000US06013365002,365002,5171.0,0.15064784374395668,0.053307719677197093,0.3538565063553096
Census Tract 3650.03; Contra Costa County; California,06013365003,1400000US06013365003,365003,5416.0,0.29098966026587886,0.06784502181350772,0.2331526891763692
Census Tract 3660.01; Contra Costa County; California,06013366001,1400000US06013366001,366001,4690.0,,0.03090158611407109,0.41408125392855266
Census Tract 3660.02; Contra Costa County; California,06013366002,1400000US06013366002,366002,6876.0,0.08944153577661432,0.028239369085298408,0.315729921675629
Census Tract 3671; Contra Costa County; California,06013367100,1400000US06013367100,367100,5773.0,0.2943010566429932,0.06595950531740061,0.2241225569142753
Census Tract 3672; Contra Costa County; California,06013367200,1400000US06013367200,367200,5869.0,,0.055662632974815676,0.4326940303697923
Census Tract 3680.01; Contra Costa County; California,06013368001,1400000US06013368001,368001,5013.0,,0.07324595850919632,0.6223423559433918
Census Tract 3680.02; Contra Costa County; California,06013368002,1400000US06013368002,368002,4102.0,,0.04560496142740147,0.44224953138345346
Census Tract 3690.01; Contra Costa County; California,06013369001,1400000US06013369001,369001,7347.0,,0.03243504445789179,0.41228420697600515
Census Tract 3690.02; Contra Costa County; California,06013369002,1400000US06013369002,369002,2728.0,,0.07673531287447616,0.5523322784210316
Census Tract 3700; Contra Costa County; California,06013370000,1400000US06013370000,370000,2960.0,,0.03847021965104591,0.7252984087076172
Census Tract 3710; Contra Costa County; California,06013371000,1400000US06013371000,371000,5776.0,0.10214681440443213,0.03770507553209132,0.36912629876840586
Census Tract 3720; Contra Costa County; California,06013372000,1400000US06013372000,372000,7610.0,,0.031510229547749166,0.5537941035990096
Census Tract 3730; Contra Costa County; California,06013373000,1400000US06013373000,373000,4386.0,,0.02717879654207851,0.6113138545310581
Census Tract 3740; Contra Costa County; California,06013374000,1400000US06013374000,374000,4687.0,0.10603797738425431,0.029793981652387943,0.2809746318002863
Census Tract 3750; Contra Costa County; California,06013375000,1400000US06013375000,375000,5271.0,,0.06068809890550571,0.44244394098329265
Census Tract 3760; Contra Costa County; California,06013376000,1400000US06013376000,376000,6712.0,0.13230035756853398,0.035578123841765195,0.2689193324616306
Census Tract 3770; Contra Costa County; California,06013377000,1400000US06013377000,377000,7826.0,0.21978021978021978,0.08318297385897087,0.3784825310583175
Census Tract 3780; Contra Costa County; California,06013378000,1400000US06013378000,378000,3887.0,,0.009159268887471126,0.9128737991179555
Census Tract 3790; Contra Costa County; California,06013379000,1400000US06013379000,379000,8383.0,0.18000715734224024,0.03722491528757063,0.20679686206474793
Census Tract 3800.01; Contra Costa County; California,06013380001,1400000US06013380001,380001,2896.0,,0.10065500150680587,0.5368266747029646
Census Tract 3800.02; Contra Costa County; California,06013380002,1400000US06013380002,380002,3470.0,,0.12430860800039481,0.49924869185343745
Census Tract 3810; Contra Costa County; California,06013381000,1400000US06013381000,381000,6703.0,0.33373116514993284,0.08421087898294524,0.25233148047504783
Census Tract 3820; Contra Costa County; California,06013382000,1400000US06013382000,382000,8477.0,0.4153592072667217,0.07298956043613755,0.1757263572329276
Census Tract 3830; Contra Costa County; California,06013383000,1400000US06013383000,383000,5848.0,,0.030044035197488113,0.5473442923205935
Census Tract 3840; Contra Costa County; California,06013384000,1400000US06013384000,384000,3826.0,,0.025690015891549515,0.5747953263220377
Census Tract 3851; Contra Costa County; California,06013385100,1400000US06013385100,385100,3100.0,,0.022624027570469708,0.4904509473318608
Census Tract 3852; Contra Costa County; California,06013385200,1400000US06013385200,385200,1413.0,,0.16158339458939883,1.1415866827741026
Census Tract 3860; Contra Costa County; California,06013386000,1400000US06013386000,386000,3758.0,,0.03536545156479349,0.565546242470187
Census Tract 3870; Contra Costa County; California,06013387000,1400000US06013387000,387000,3090.0,,0.036884458260286905,0.844244266846567
Census Tract 3880; Contra Costa County; California,06013388000,1400000US06013388000,388000,2711.0,,0.01524435263615005,0.7514079999382324
Census Tract 3891; Contra Costa County; California,06013389100,1400000US06013389100,389100,2455.0,,0.04844745609838183,0.6099410498539867
Census Tract 3892; Contra Costa County; California,06013389200,1400000US06013389200,389200,1955.0,,0.01761632928893004,0.7174984116637131
Census Tract 3901; Contra Costa County; California,06013390100,1400000US06013390100,390100,2225.0,,0.01251215617157935,0.7733207633823348
Census Tract 3902; Contra Costa County; California,06013390200,1400000US06013390200,390200,1820.0,,0.0038406065250053516,1.747475968877435
Census Tract 3910; Contra Costa County; California,06013391000,1400000US06013391000,391000,2568.0,,0.013120137103529557,1.1618107614435829
Census Tract 3920; Contra Costa County; California,06013392000,1400000US06013392000,392000,2588.0,,0.013913074774890039,0.5539544233448526
Census Tract 3922.01; Contra Costa County; California,06013392201,1400000US06013392201,392201,4867.0,,0.05041477878570571,0.4691562683556973
Census Tract 3922.02; Contra Costa County; California,06013392202,1400000US06013392202,392202,4724.0,,0.04235640140929634,0.8167005724796569
Census Tract 3923; Contra Costa County; California,06013392300,1400000US06013392300,392300,3754.0,0.19339371337240277,0.04338596145978515,0.22434008170803504
Census Tract 9800; Contra Costa County; California,06013980000,1400000US06013980000,980000,507.0,,0.10626464438253087,0.49427683212791884
Census Tract 9900; Contra Costa County; California,06013990000,1400000US06013990000,990000,0.0,,,
