NAME,GEOID,GEO_ID,tract,total,pct_hispanic,pct_hispanic_moe,pct_hispanic_moe_ratio
Census Tract 3010; Contra Costa County; California,06013301000,1400000US06013301000,301000,5329.0,0.23906924376055544,0.08773569515896198,0.3669886338321102
Census Tract 3020.05; Contra Costa County; California,06013302005,1400000US06013302005,302005,7539.0,0.23769730733519034,0.08419234382989114,0.3541998215030967
Census Tract 3020.06; Contra Costa County; California,06013302006,1400000US06013302006,302006,4183.0,,0.13851228654601752,0.4562180272614105
Census Tract 3020.07; Contra Costa County; California,06013302007,1400000US06013302007,302007,6652.0,0.3475646422128683,,
Census Tract 3020.09; Contra Costa County; California,06013302009,1400000US06013302009,302009,6806.0,,0.09507724270478204,0.40672263598287023
Census Tract 3020.11; Contra Costa County; California,06013302011,1400000US06013302011,302011,4915.0,0.30478128179043745,0.07764954831297821,0.2547713818146114
Census Tract 3020.12; Contra Costa County; California,06013302012,1400000US06013302012,302012,5810.0,0.47056798623063684,0.05162486634343909,0.10970756161498943
Census Tract 3020.13; Contra Costa County; California,06013302013,1400000US06013302013,302013,2961.0,0.3049645390070922,0.07950419338570516,0.26069979691591694
Census Tract 3020.14; Contra Costa County; California,06013302014,1400000US06013302014,302014,7602.0,0.27400684030518285,0.05504916512885297,0.20090434628398476
Census Tract 3031.04; Contra Costa County; California,06013303104,1400000US06013303104,303104,6060.0,0.25676567656765675,0.05414376456802576,0.21086838899886642
Census Tract 3031.05; Contra Costa County; California,06013303105,1400000US06013303105,303105,3326.0,0.38123872519542995,0.016245475566955898,0.04261234364013826
Census Tract 3031.06; Contra Costa County; California,06013303106,1400000US06013303106,303106,8245.0,0.4416009702850212,0.13740018295493847,0.31114103500781864
Census Tract 3031.07; Contra Costa County; California,06013303107,1400000US06013303107,303107,7260.0,0.3170798898071625,0.05840602211818708,0.1841997048557942
Census Tract 3032.02; Contra Costa County; California,06013303202,1400000US06013303202,303202,9146.0,0.20194620599169036,0.044274124657793,0.21923721933956403
Census Tract 3032.04; Contra Costa County; California,06013303204,1400000US06013303204,303204,4735.0,0.2652587117212249,0.04889921915180802,0.18434538430239727
Census Tract 3032.06; Contra Costa County; California,06013303206,1400000US06013303206,303206,5452.0,,0.07806612884097186,0.6159428863111122
Census Tract 3032.07; Contra Costa County; California,06013303207,1400000US06013303207,303207,8270.0,0.1973397823458283,0.009206570234689185,0.046653392059362475
Census Tract 3032.08; Contra Costa County; California,06013303208,1400000US06013303208,303208,4060.0,,0.09912523211128514,0.4008450621233244
Census Tract 3032.09; Contra Costa County; California,06013303209,1400000US06013303209,303209,5340.0,,0.14143844443106118,0.6236839746175613
Census Tract 3032.10; Contra Costa County; California,06013303210,1400000US06013303210,303210,3598.0,0.07254030016675932,0.022745211975154653,0.3135527689142009
Census Tract 3032.11; Contra Costa County; California,06013303211,1400000US06013303211,303211,4679.0,0.3148108570207309,0.12453947349068577,0.3956009480399991
Census Tract 3040.01; Contra Costa County; California,06013304001,1400000US06013304001,304001,5895.0,0.13333333333333333,0.028194960547313498,0.21146220410485123
Census Tract 3040.02; Contra Costa County; California,06013304002,1400000US06013304002,304002,1997.0,0.40961442163244866,,
Census Tract 3040.03; Contra Costa County; California,06013304003,1400000US06013304003,304003,3279.0,0.20768526989935956,0.06982323924354364,0.33619735900085107
Census Tract 3040.04; Contra Costa County; California,06013304004,1400000US06013304004,304004,3634.0,0.19812878370941112,0.06861160772309015,0.34629803120237446
Census Tract 3040.06; Contra Costa County; California,06013304006,1400000US06013304006,304006,3292.0,0.23845686512758202,0.08647586418142962,0.36264782787932015
Census Tract 3040.07; Contra Costa County; California,06013304007,1400000US06013304007,304007,5509.0,0.18388092212742785,0.053438128531075164,0.2906126851704769
Census Tract 3050; Contra Costa County; California,06013305000,1400000US06013305000,305000,7425.0,0.5415488215488216,0.12547748651107116,0.23170115328144822
Census Tract 3060.02; Contra Costa County; California,06013306002,1400000US06013306002,306002,4439.0,0.4027934219418788,0.15069755837343968,0.37413113065978676
Census Tract 3060.03; Contra Costa County; California,06013306003,1400000US06013306003,306003,5166.0,0.4636082075106465,0.06260617348558836,0.13504112410294342
Census Tract 3060.04; Contra Costa County; California,06013306004,1400000US06013306004,306004,3863.0,0.39684183277245666,0.11595055306441557,0.29218329190335113
Census Tract 3071.01; Contra Costa County; California,06013307101,1400000US06013307101,307101,4696.0,0.42461669505962524,0.12559702150156266,0.29578917400769217
Census Tract 3071.02; Contra Costa County; California,06013307102,1400000US06013307102,307102,5694.0,0.5985247629083246,0.10542607554113995,0.1761432142403905
Census Tract 3072.01; Contra Costa County; California,06013307201,1400000US06013307201,307201,4224.0,0.5918560606060606,0.11980812893679793,0.2024278146516138
Census Tract 3072.02; Contra Costa County; California,06013307202,1400000US06013307202,307202,4481.0,0.4530238785985271,0.0864095131222824,0.1907394228083485
Census Tract 3072.04; Contra Costa County; California,06013307204,1400000US06013307204,307204,4567.0,0.40661265601051017,0.0713773863744521,0.17554147742171392
Census Tract 3072.05; Contra Costa County; California,06013307205,1400000US06013307205,307205,7818.0,0.33563571245842927,0.09676884619851465,0.28831510654725134
Census Tract 3080.01; Contra Costa County; California,06013308001,1400000US06013308001,308001,7523.0,0.4569985378173601,0.1226275662118889,0.2683325132670274
Census Tract 3080.02; Contra Costa County; California,06013308002,1400000US06013308002,308002,4486.0,0.3207757467677218,0.06771931200346792,0.21111107272241633
Census Tract 3090; Contra Costa County; California,06013309000,1400000US06013309000,309000,3600.0,0.355,0.07817835278227599,0.22022071206274926
Census Tract 3100; Contra Costa County; California,06013310000,1400000US06013310000,310000,6257.0,0.5862234297586703,0.054242506855859525,0.09252872557173203
Census Tract 3110; Contra Costa County; California,06013311000,1400000US06013311000,311000,5392.0,0.6808234421364985,0.12090948188803159,0.17759300635801317
Census Tract 3120; Contra Costa County; California,06013312000,1400000US06013312000,312000,2818.0,0.4488999290276792,0.07494611118201483,0.16695505241969785
Census Tract 3131.02; Contra Costa County; California,06013313102,1400000US06013313102,313102,4796.0,0.3876146788990826,0.07863879156348175,0.20287877586791742
Census Tract 3131.04; Contra Costa County; California,06013313104,1400000US06013313104,313104,2909.0,0.39944998281196287,,
Census Tract 3131.05; Contra Costa County; California,06013313105,1400000US06013313105,313105,6007.0,,0.16146681945947303,0.4740621625088243
Census Tract 3131.06; Contra Costa County; California,06013313106,1400000US06013313106,313106,7094.0,0.3869467155342543,0.11576511106499171,0.2991758462277053
Census Tract 3131.07; Contra Costa County; California,06013313107,1400000US06013313107,313107,2718.0,0.36902133922001473,0.04622222302250993,0.12525623347475773
Census Tract 3132.03; Contra Costa County; California,06013313203,1400000US06013313203,313203,3382.0,0.4077468953282082,0.10710333976854852,0.2626711349508565
Census Tract 3132.04; Contra Costa County; California,06013313204,1400000US06013313204,313204,5864.0,0.47203274215552526,0.09438203901498579,0.19994807687278782
Census Tract 3132.05; Contra Costa County; California,06013313205,1400000US06013313205,313205,1978.0,0.5889787664307381,0.14757196358286903,0.25055566005743773
Census Tract 3132.06; Contra Costa County; California,06013313206,1400000US06013313206,313206,6290.0,0.5947535771065183,0.11023281977790515,0.18534200385004634
Census Tract 3141.02; Contra Costa County; California,06013314102,1400000US06013314102,314102,6912.0,0.5831886574074074,0.08492116848680593,0.14561526087343155
Census Tract 3141.03; Contra Costa County; California,06013314103,1400000US06013314103,314103,5554.0,0.610010803024847,0.07336804163433767,0.12027334806290184
Census Tract 3141.05; Contra Costa County; California,06013314105,1400000US06013314105,314105,3958.0,0.5432036382011117,0.16666191427501661,0.306812956604891
Census Tract 3141.06; Contra Costa County; California,06013314106,1400000US06013314106,314106,4176.0,0.7320402298850575,0.2815344981307451,0.3845888335603505
Census Tract 3142; Contra Costa County; California,06013314200,1400000US06013314200,314200,7185.0,0.7824634655532359,0.08325521856339133,0.10640141326538007
Census Tract 3150; Contra Costa County; California,06013315000,1400000US06013315000,315000,3772.0,0.3947507953340403,0.13678207445921303,0.3465023404030568
Census Tract 3160; Contra Costa County; California,06013316000,1400000US06013316000,316000,1112.0,,0.06970581849255299,0.45595805978658194
Census Tract 3170; Contra Costa County; California,06013317000,1400000US06013317000,317000,1934.0,,0.056856802222637226,0.5312128284955574
Census Tract 3180; Contra Costa County; California,06013318000,1400000US06013318000,318000,3512.0,0.1417995444191344,0.03471051136824477,0.24478577495035267
Census Tract 3190.01; Contra Costa County; California,06013319001,1400000US06013319001,319001,4236.0,0.2830500472143532,0.10531747811914094,0.37208076506478815
Census Tract 3190.02; Contra Costa County; California,06013319002,1400000US06013319002,319002,3943.0,0.27948262744103475,0.11013154460683237,0.39405506387000006
Census Tract 3200.01; Contra Costa County; California,06013320001,1400000US06013320001,320001,3100.0,0.2867741935483871,0.025578407034621314,0.08919354534007432
Census Tract 3200.03; Contra Costa County; California,06013320003,1400000US06013320003,320003,3068.0,,0.08660392576076727,0.5738679141123845
Census Tract 3200.04; Contra Costa County; California,06013320004,1400000US06013320004,320004,6599.0,0.18336111532050312,0.05853797807027116,0.3192496837072061
Census Tract 3211.01; Contra Costa County; California,06013321101,1400000US06013321101,321101,6866.0,0.2372560442761433,0.05910361548817026,0.24911321297837755
Census Tract 3211.02; Contra Costa County; California,06013321102,1400000US06013321102,321102,6133.0,0.13484428501548998,0.030459097681534875,0.22588348981965342
Census Tract 3211.03; Contra Costa County; California,06013321103,1400000US06013321103,321103,4546.0,0.10602727672679278,0.02556576203817773,0.2411243863600746
Census Tract 3212; Contra Costa County; California,06013321200,1400000US06013321200,321200,5616.0,0.12517806267806267,0.045614808262509604,0.3643993786660796
Census Tract 3220; Contra Costa County; California,06013322000,1400000US06013322000,322000,6755.0,0.153960029607698,0.05133857618801787,0.3334539251442891
Census Tract 3230; Contra Costa County; California,06013323000,1400000US06013323000,323000,4669.0,,0.08918129274932254,0.5034914822812417
Census Tract 3240.02; Contra Costa County; California,06013324002,1400000US06013324002,324002,4740.0,,0.05867261350357274,0.529729881917971
Census Tract 3240.03; Contra Costa County; California,06013324003,1400000US06013324003,324003,3449.0,,0.059914037395247435,0.6186931586114024
Census Tract 3240.04; Contra Costa County; California,06013324004,1400000US06013324004,324004,2413.0,,0.07932761802189287,0.6235099097290797
Census Tract 3250; Contra Costa County; California,06013325000,1400000US06013325000,325000,6161.0,0.18552183087161175,0.053372365708629264,0.2876877910156298
Census Tract 3260; Contra Costa County; California,06013326000,1400000US06013326000,326000,3639.0,0.06485298158834844,0.02510378089338582,0.3870875367416568
Census Tract 3270.01; Contra Costa County; California,06013327001,1400000US06013327001,327001,3479.0,0.4044265593561368,,
Census Tract 3270.02; Contra Costa County; California,06013327002,1400000US06013327002,327002,3833.0,0.30785285677015395,0.09519503719556491,0.30922252336491546
Census Tract 3280; Contra Costa County; California,06013328000,1400000US06013328000,328000,2326.0,0.2532244196044712,0.10007174118432102,0.39518993207933906
Census Tract 3290; Contra Costa County; California,06013329000,1400000US06013329000,329000,6488.0,,0.16233011316588755,0.44608122584509885
Census Tract 3300; Contra Costa County; California,06013330000,1400000US06013330000,330000,5587.0,0.31859674243780206,0.07680882830030211,0.2410847886032516
Census Tract 3310; Contra Costa County; California,06013331000,1400000US06013331000,331000,7789.0,0.26704326614456286,0.06170598029440301,0.23107109640053125
Census Tract 3320; Contra Costa County; California,06013332000,1400000US06013332000,332000,8109.0,0.2981871994080651,0.10294441306167039,0.34523417928746286
Census Tract 3331.01; Contra Costa County; California,06013333101,1400000US06013333101,333101,3951.0,0.20501138952164008,0.059049786678348884,0.28803173724216846
Census Tract 3331.02; Contra Costa County; California,06013333102,1400000US06013333102,333102,4251.0,0.11761938367442955,0.03168837264388674,0.26941454421832506
Census Tract 3332; Contra Costa County; California,06013333200,1400000US06013333200,333200,5866.0,0.16177974769860212,0.014060547727848004,0.08691166804168218
Census Tract 3340.01; Contra Costa County; California,06013334001,1400000US06013334001,334001,3960.0,0.17373737373737375,0.03325776146936783,0.1914254875271753
Census Tract 3340.06; Contra Costa County; California,06013334006,1400000US06013334006,334006,4731.0,0.1701543014161911,0.05001907211265171,0.2939630188384537
Census Tract 3340.07; Contra Costa County; California,06013334007,1400000US06013334007,334007,3435.0,0.23027656477438138,0.07367661058236717,0.3199483658033265
Census Tract 3340.08; Contra Costa County; California,06013334008,1400000US06013334008,334008,3793.0,0.2019509622989718,0.05811077924562031,0.2877469786927387
Census Tract 3342; Contra Costa County; California,06013334200,1400000US06013334200,334200,7547.0,,0.054560789199318664,0.4878794740370355
Census Tract 3350; Contra Costa County; California,06013335000,1400000US06013335000,335000,3612.0,0.23560354374307863,0.04575069475801615,0.19418508750405916
Census Tract 3361.01; Contra Costa County; California,06013336101,1400000US06013336101,336101,4438.0,0.6602073005858495,0.10329189968455557,0.1564537374744224
Census Tract 3361.03; Contra Costa County; California,06013336103,1400000US06013336103,336103,4862.0,0.6779103249691485,0.20542388760553532,0.30302516430161186
Census Tract 3361.04; Contra Costa County; California,06013336104,1400000US06013336104,336104,2539.0,0.4706577392674281,0.16871325476993507,0.35846272289612147
Census Tract 3362.01; Contra Costa County; California,06013336201,1400000US06013336201,336201,3376.0,0.4031398104265403,0.04881088573816808,0.12107681870099592
Census Tract 3362.02; Contra Costa County; California,06013336202,1400000US06013336202,336202,6012.0,0.6167664670658682,0.11843799715929311,0.19203053908351408
Census Tract 3371; Contra Costa County; California,06013337100,1400000US06013337100,337100,3160.0,0.35727848101265824,0.12484058799175714,0.3494209548750687
Census Tract 3372.01; Contra Costa County; California,06013337201,1400000US06013337201,337201,3139.0,,0.13620996672164398,0.49601286025433927
Census Tract 3372.02; Contra Costa County; California,06013337202,1400000US06013337202,337202,5515.0,,0.11835451269148689,0.40118324369609726
Census Tract 3373; Contra Costa County; California,06013337300,1400000US06013337300,337300,5994.0,0.12128795462128796,0.04587157088497014,0.3782038457833714
Census Tract 3381.01; Contra Costa County; California,06013338101,1400000US06013338101,338101,5543.0,0.45589031210535813,0.1315915676539399,0.28864743154166556
Census Tract 3381.02; Contra Costa County; California,06013338102,1400000US06013338102,338102,3231.0,,0.08430862268920875,0.4351456228575614
Census Tract 3382.01; Contra Costa County; California,06013338201,1400000US06013338201,338201,4019.0,0.08260761383428714,0.026743072077639922,0.32373616469890015
Census Tract 3382.03; Contra Costa County; California,06013338203,1400000US06013338203,338203,5431.0,,0.08917989640615596,0.49371663341675137
Census Tract 3382.04; Contra Costa County; California,06013338204,1400000US06013338204,338204,6600.0,0.10545454545454545,0.03414740940153986,0.3238116408766711
Census Tract 3383.01; Contra Costa County; California,06013338301,1400000US06013338301,338301,2910.0,,0.04748527112001983,0.6281006316329896
Census Tract 3383.02; Contra Costa County; California,06013338302,1400000US06013338302,338302,5513.0,,0.060608294601070346,0.4208230832943335
Census Tract 3390.01; Contra Costa County; California,06013339001,1400000US06013339001,339001,3659.0,,0.08046847893218742,0.41645567809458806
Census Tract 3390.03; Contra Costa County; California,06013339003,1400000US06013339003,339003,4153.0,,0.044219109829532796,0.4164216850840129
Census Tract 3390.04; Contra Costa County; California,06013339004,1400000US06013339004,339004,3319.0,0.14432057848749624,0.047763844810185654,0.3309565781315369
Census Tract 3400.01; Contra Costa County; California,06013340001,1400000US06013340001,340001,6118.0,,0.07667539287858666,0.4129401880556278
Census Tract 3400.03; Contra Costa County; California,06013340003,1400000US06013340003,340003,3718.0,,0.05271366552078766,0.4677551513276576
Census Tract 3400.04; Contra Costa County; California,06013340004,1400000US06013340004,340004,3940.0,,0.08145119895348005,0.5720458536126762
Census Tract 3410; Contra Costa County; California,06013341000,1400000US06013341000,341000,4760.0,,0.04113781745698631,0.6683140310418253
Census Tract 3430.01; Contra Costa County; California,06013343001,1400000US06013343001,343001,5940.0,,0.04792487845491645,0.5351010865079017
Census Tract 3430.02; Contra Costa County; California,06013343002,1400000US06013343002,343002,4658.0,,0.06565506192950497,0.4877532351955888
Census Tract 3430.03; Contra Costa County; California,06013343003,1400000US06013343003,343003,3847.0,,0.02297273556427684,0.6180147812291819
Census Tract 3451.01; Contra Costa County; California,06013345101,1400000US06013345101,345101,6622.0,0.13122923588039867,0.03186231289000639,0.2427988906301753
Census Tract 3451.02; Contra Costa County; California,06013345102,1400000US06013345102,345102,4533.0,,0.10242451112503032,0.7488553369834878
Census Tract 3451.03; Contra Costa County; California,06013345103,1400000US06013345103,345103,5286.0,,0.029892540978344963,0.4501765572978105
Census Tract 3451.05; Contra Costa County; California,06013345105,1400000US06013345105,345105,6233.0,0.07957644793839243,0.02166237263641825,0.272220904521764
Census Tract 3451.11; Contra Costa County; California,06013345111,1400000US06013345111,345111,5850.0,,0.07179445189638138,0.4878020250799432
Census Tract 3451.12; Contra Costa County; California,06013345112,1400000US06013345112,345112,7723.0,0.06500064741680694,0.022732659327123275,0.3497297370186714
Census Tract 3451.13; Contra Costa County; California,06013345113,1400000US06013345113,345113,4767.0,,0.0648990674932822,0.7527344397578497
Census Tract 3451.14; Contra Costa County; California,06013345114,1400000US06013345114,345114,6571.0,,0.03050166673899609,0.9236242034190936
Census Tract 3451.15; Contra Costa County; California,06013345115,1400000US06013345115,345115,6758.0,,0.015258565495280964,0.49575666162071513
Census Tract 3451.16; Contra Costa County; California,06013345116,1400000US06013345116,345116,2961.0,0.11752786220871327,0.04523222866567425,0.3848638766639697
Census Tract 3451.17; Contra Costa County; California,06013345117,1400000US06013345117,345117,4652.0,,0.08381030679109504,0.7751203721514396
Census Tract 3451.18; Contra Costa County; California,06013345118,1400000US06013345118,345118,3525.0,,0.06691639221772801,0.5697591366364523
Census Tract 3452.03; Contra Costa County; California,06013345203,1400000US06013345203,345203,6954.0,,0.03405546796203295,0.41114882674996034
Census Tract 3452.04; Contra Costa County; California,06013345204,1400000US06013345204,345204,3152.0,,0.05871288536788593,0.6539329140621076
Census Tract 3452.05; Contra Costa County; California,06013345205,1400000US06013345205,345205,5779.0,,0.04573812027641293,0.5063612970831232
Census Tract 3452.06; Contra Costa County; California,06013345206,1400000US06013345206,345206,3622.0,0.11568194367752622,0.013733947095426144,0.11872161427120166
Census Tract 3461.01; Contra Costa County; California,06013346101,1400000US06013346101,346101,3364.0,,0.01994385883161798,0.6389632486625038
Census Tract 3461.02; Contra Costa County; California,06013346102,1400000US06013346102,346102,5396.0,,0.04595655196132952,0.6033614461881609
Census Tract 3462.03; Contra Costa County; California,06013346203,1400000US06013346203,346203,4033.0,,0.0414692146150275,0.4805900647770284
Census Tract 3462.04; Contra Costa County; California,06013346204,1400000US06013346204,346204,7894.0,0.04851786166708893,,
Census Tract 3462.05; Contra Costa County; California,06013346205,1400000US06013346205,346205,4325.0,,0.0875597978921933,0.9420301638898907
Census Tract 3462.06; Contra Costa County; California,06013346206,1400000US06013346206,346206,3216.0,,0.07400532273823623,0.6071457089953258
Census Tract 3470; Contra Costa County; California,06013347000,1400000US06013347000,347000,6724.0,,0.03784468437626581,0.48012765612454955
Census Tract 3480; Contra Costa County; California,06013348000,1400000US06013348000,348000,4819.0,,0.028324458374806315,0.5617101436551096
Census Tract 3490; Contra Costa County; California,06013349000,1400000US06013349000,349000,5815.0,,0.04555832343464982,0.5473587825877866
Census Tract 3500; Contra Costa County; California,06013350000,1400000US06013350000,350000,6150.0,,0.04677659606500149,0.43587282696933205
Census Tract 3511.01; Contra Costa County; California,06013351101,1400000US06013351101,351101,2737.0,,0.00655569230669686,1.1214331152143315
Census Tract 3511.03; Contra Costa County; California,06013351103,1400000US06013351103,351103,1929.0,,0.012347552205912467,0.8213251105243154
Census Tract 3511.04; Contra Costa County; California,06013351104,1400000US06013351104,351104,1667.0,,0.026308923039045265,0.5221068417391482
Census Tract 3511.05; Contra Costa County; California,06013351105,1400000US06013351105,351105,1814.0,,0.018909559437180166,0.927079481595806
Census Tract 3512; Contra Costa County; California,06013351200,1400000US06013351200,351200,5525.0,,0.028912707119195608,0.4870204476632796
Census Tract 3521.01; Contra Costa County; California,06013352101,1400000US06013352101,352101,3628.0,0.11549062844542447,0.025276476931646755,0.21886171433893659
Census Tract 3521.02; Contra Costa County; California,06013352102,1400000US06013352102,352102,5187.0,0.12473491420859842,0.03630350377010792,0.2910452458354711
Census Tract 3522.01; Contra Costa County; California,06013352201,1400000US06013352201,352201,6070.0,0.08467874794069193,0.027918928578330122,0.32970407873631097
Census Tract 3522.02; Contra Costa County; California,06013352202,1400000US06013352202,352202,2674.0,,0.01445358820641645,0.9909973042040406
Census Tract 3530.01; Contra Costa County; California,06013353001,1400000US06013353001,353001,4420.0,,0.028582675734655363,0.6684414113607233
Census Tract 3530.02; Contra Costa County; California,06013353002,1400000US06013353002,353002,4182.0,,0.02853503019565402,0.5375382715235365
Census Tract 3540.01; Contra Costa County; California,06013354001,1400000US06013354001,354001,2396.0,,0.03202049297886219,0.6187185578818856
Census Tract 3540.02; Contra Costa County; California,06013354002,1400000US06013354002,354002,6943.0,,0.035273487856723615,0.5887111206471924
Census Tract 3551.07; Contra Costa County; California,06013355107,1400000US06013355107,355107,5607.0,0.3078294988407348,0.11949804839742643,0.3881955720535168
Census Tract 3551.09; Contra Costa County; California,06013355109,1400000US06013355109,355109,7471.0,,0.057792447046256065,0.5038125692912241
Census Tract 3551.10; Contra Costa County; California,06013355110,1400000US06013355110,355110,4112.0,0.2142509727626459,0.048588265250143765,0.2267820053445984
Census Tract 3551.11; Contra Costa County; California,06013355111,1400000US06013355111,355111,6569.0,0.30643933627645,0.042464661866410854,0.13857444798830248
Census Tract 3551.12; Contra Costa County; California,06013355112,1400000US06013355112,355112,5800.0,,0.03490132631871334,0.6615284073481613
Census Tract 3551.13; Contra Costa County; California,06013355113,1400000US06013355113,355113,5423.0,,0.034025706239295336,0.4414387677887527
Census Tract 3551.15; Contra Costa County; California,06013355115,1400000US06013355115,355115,10013.0,,0.04379574698528916,0.5593454267394138
Census Tract 3551.18; Contra Costa County; California,06013355118,1400000US06013355118,355118,3769.0,0.3337755372777925,0.06264363587321801,0.18768192655497512
Census Tract 3551.19; Contra Costa County; California,06013355119,1400000US06013355119,355119,5288.0,0.21501512859304084,0.05661599733765085,0.2633116921033401
Census Tract 3551.20; Contra Costa County; California,06013355120,1400000US06013355120,355120,4036.0,0.2118434093161546,0.03036332976360844,0.1433291215507879
Census Tract 3551.21; Contra Costa County; California,06013355121,1400000US06013355121,355121,6409.0,,0.01999544104669652,0.6131616347764498
Census Tract 3551.22; Contra Costa County; California,06013355122,1400000US06013355122,355122,5559.0,,0.033600047303884634,0.5261483463726612
Census Tract 3551.23; Contra Costa County; California,06013355123,1400000US06013355123,355123,3333.0,,0.03162979890408625,0.9761307384011062
Census Tract 3551.24; Contra Costa County; California,06013355124,1400000US06013355124,355124,4601.0,,0.011837558087375905,0.9231288942375684
Census Tract 3551.25; Contra Costa County; California,06013355125,1400000US06013355125,355125,4096.0,,0.048436028221249504,0.5835116811595235
Census Tract 3551.26; Contra Costa County; California,06013355126,1400000US06013355126,355126,5773.0,,0.03416483934818733,0.7224674635790675
Census Tract 3552.01; Contra Costa County; California,06013355201,1400000US06013355201,355201,8114.0,0.17968942568400295,0.06071450785930458,0.33788581397146594
Census Tract 3552.02; Contra Costa County; California,06013355202,1400000US06013355202,355202,3981.0,0.1127857322280834,0.029572015310841467,0.26219642082953204
Census Tract 3553.02; Contra Costa County; California,06013355302,1400000US06013355302,355302,3454.0,,0.01451060705204563,0.7059103768699381
Census Tract 3553.06; Contra Costa County; California,06013355306,1400000US06013355306,355306,4550.0,0.11648351648351649,0.039582347792862904,0.339810721617974
Census Tract 3553.07; Contra Costa County; California,06013355307,1400000US06013355307,355307,4397.0,0.12167386854673641,0.03458094144064495,0.2842100925504969
Census Tract 3553.08; Contra Costa County; California,06013355308,1400000US06013355308,355308,3570.0,,0.054679273073321204,0.8675777994300298
Census Tract 3553.09; Contra Costa County; California,06013355309,1400000US06013355309,355309,5150.0,,0.08045996465825116,0.47194626194760075
Census Tract 3553.10; Contra Costa County; California,06013355310,1400000US06013355310,355310,3070.0,0.25993485342019546,0.10069701744285255,0.3873932876560868
Census Tract 3560.01; Contra Costa County; California,06013356001,1400000US06013356001,356001,4025.0,0.2901863354037267,0.0831680623535204,0.2866022696685956
Census Tract 3560.02; Contra Costa County; California,06013356002,1400000US06013356002,356002,5688.0,0.17158931082981715,0.05602558461499395,0.3265097595185303
Census Tract 3570; Contra Costa County; California,06013357000,1400000US06013357000,357000,3458.0,0.15760555234239446,0.06178020394452846,0.3919925600737237
Census Tract 3580; Contra Costa County; California,06013358000,1400000US06013358000,358000,5859.0,0.2590885816692268,0.07869505406136315,0.3037380248653009
Census Tract 3591.02; Contra Costa County; California,06013359102,1400000US06013359102,359102,5061.0,0.22130013831258644,0.04484864766809107,0.20265982665018653
Census Tract 3591.03; Contra Costa County; California,06013359103,1400000US06013359103,359103,5435.0,0.20791168353265868,0.05236181228701163,0.25184641573443206
Census Tract 3591.04; Contra Costa County; California,06013359104,1400000US06013359104,359104,2537.0,,0.07124600485262088,0.6106456564564161
Census Tract 3591.05; Contra Costa County; California,06013359105,1400000US06013359105,359105,4927.0,0.18774101887558353,0.06174000955205795,0.3288573265545833
Census Tract 3592.02; Contra Costa County; California,06013359202,1400000US06013359202,359202,6819.0,0.3572371315442147,0.07486818857357007,0.2095756066843901
Census Tract 3592.03; Contra Costa County; California,06013359203,1400000US06013359203,359203,7200.0,,0.06656442204072968,0.43372293094412095
Census Tract 3592.04; Contra Costa County; California,06013359204,1400000US06013359204,359204,4340.0,0.18732718894009218,0.019178931928213194,0.10238199823917006
Census Tract 3601.01; Contra Costa County; California,06013360101,1400000US06013360101,360101,4224.0,0.24053030303030304,0.05651067957020652,0.23494203789818144
Census Tract 3601.02; Contra Costa County; California,06013360102,1400000US06013360102,360102,5030.0,,0.11248519904267432,0.5414359341479922
Census Tract 3602; Contra Costa County; California,06013360200,1400000US06013360200,360200,5482.0,,0.12678040379596464,0.40715300152869255
Census Tract 3610; Contra Costa County; California,06013361000,1400000US06013361000,361000,4973.0,0.3225417253167102,0.07576920628784492,0.23491288208818753
Census Tract 3620; Contra Costa County; California,06013362000,1400000US06013362000,362000,2832.0,0.1963276836158192,0.061833304599431156,0.31494949393091554
Census Tract 3630; Contra Costa County; California,06013363000,1400000US06013363000,363000,7793.0,0.22058257410496598,0.010846220613268242,0.04917079536893509
Census Tract 3640.02; Contra Costa County; California,06013364002,1400000US06013364002,364002,5426.0,0.37578326575746407,0.11351793871392893,0.3020835387257373
Census Tract 3650.02; Contra Costa County; California,06013365002,1400000US06013365002,365002,5171.0,0.6472635853800038,0.08532926422231542,0.13183078138440188
Census Tract 3650.03; Contra Costa County; California,06013365003,1400000US06013365003,365003,5416.0,0.24002954209748892,0.07597242047512844,0.31651279176407354
Census Tract 3660.01; Contra Costa County; California,06013366001,1400000US06013366001,366001,4690.0,0.5597014925373134,0.1298544131748914,0.23200655153913935
Census Tract 3660.02; Contra Costa County; California,06013366002,1400000US06013366002,366002,6876.0,0.6672484002326934,0.04466520621305657,0.06693939797754511
Census Tract 3671; Contra Costa County; California,06013367100,1400000US06013367100,367100,5773.0,0.31387493504243896,0.057100691162379674,0.1819217936426147
Census Tract 3672; Contra Costa County; California,06013367200,1400000US06013367200,367200,5869.0,0.5380814448798773,0.08848432016113965,0.16444410228807113
Census Tract 3680.01; Contra Costa County; California,06013368001,1400000US06013368001,368001,5013.0,0.7007779772591263,0.08623216530232894,0.12305204801041132
Census Tract 3680.02; Contra Costa County; California,06013368002,1400000US06013368002,368002,4102.0,0.7596294490492442,0.10110544741793455,0.13309837782681885
Census Tract 3690.01; Contra Costa County; California,06013369001,1400000US06013369001,369001,7347.0,0.3971689124812849,0.10324059502380893,0.2599412788347924
Census Tract 3690.02; Contra Costa County; California,06013369002,1400000US06013369002,369002,2728.0,,0.14159016452231388,0.48463986049795765
Census Tract 3700; Contra Costa County; California,06013370000,1400000US06013370000,370000,2960.0,,0.11579905187839015,0.5722290376628295
Census Tract 3710; Contra Costa County; California,06013371000,1400000US06013371000,371000,5776.0,0.39369806094182824,0.08546010240258496,0.21707016335854476
Census Tract 3720; Contra Costa County; California,06013372000,1400000US06013372000,372000,7610.0,0.638107752956636,0.0925241466372447,0.14499768449535258
Census Tract 3730; Contra Costa County; California,06013373000,1400000US06013373000,373000,4386.0,0.8093935248518012,0.06171963799524649,0.07625417809778905
Census Tract 3740; Contra Costa County; California,06013374000,1400000US06013374000,374000,4687.0,0.5621933006187326,0.11816564091958502,0.21018685350667743
Census Tract 3750; Contra Costa County; California,06013375000,1400000US06013375000,375000,5271.0,0.744071333712768,0.16224596167066055,0.21805162263285358
Census Tract 3760; Contra Costa County; California,06013376000,1400000US06013376000,376000,6712.0,0.768772348033373,0.0964411452222736,0.12544824936664736
Census Tract 3770; Contra Costa County; California,06013377000,1400000US06013377000,377000,7826.0,0.6386404293381037,0.1319101101742427,0.20654832377423438
Census Tract 3780; Contra Costa County; California,06013378000,1400000US06013378000,378000,3887.0,0.18394648829431437,0.058905067471043356,0.3202293667971266
Census Tract 3790; Contra Costa County; California,06013379000,1400000US06013379000,379000,8383.0,0.712394130979363,0.09089727530991243,0.12759408220411853
Census Tract 3800.01; Contra Costa County; California,06013380001,1400000US06013380001,380001,2896.0,,0.08359748422799004,0.680051444731065
Census Tract 3800.02; Contra Costa County; California,06013380002,1400000US06013380002,380002,3470.0,,0.1675253096528596,0.6466216067802256
Census Tract 3810; Contra Costa County; California,06013381000,1400000US06013381000,381000,6703.0,0.5079815008205282,0.10240236236419611,0.2015867943985922
Census Tract 3820; Contra Costa County; California,06013382000,1400000US06013382000,382000,8477.0,0.3179190751445087,0.12211356014451151,0.3841026528181907
Census Tract 3830; Contra Costa County; California,06013383000,1400000US06013383000,383000,5848.0,,0.060903566998740465,0.41607950912223624
Census Tract 3840; Contra Costa County; California,06013384000,1400000US06013384000,384000,3826.0,,0.051469183305949164,0.4711030988721567
Census Tract 3851; Contra Costa County; California,06013385100,1400000US06013385100,385100,3100.0,,0.0808146026408594,0.808146026408594
Census Tract 3852; Contra Costa County; California,06013385200,1400000US06013385200,385200,1413.0,,0.02127904355424735,0.699239268422128
Census Tract 3860; Contra Costa County; California,06013386000,1400000US06013386000,386000,3758.0,0.18281000532197977,0.06751188309137013,0.369300810272735
Census Tract 3870; Contra Costa County; California,06013387000,1400000US06013387000,387000,3090.0,,0.04258938174620872,0.49660826262560365
Census Tract 3880; Contra Costa County; California,06013388000,1400000US06013388000,388000,2711.0,,0.09177081013637664,0.6616773039354178
Census Tract 3891; Contra Costa County; California,06013389100,1400000US06013389100,389100,2455.0,,0.07106558845325736,0.49705418704486276
Census Tract 3892; Contra Costa County; California,06013389200,1400000US06013389200,389200,1955.0,0.23989769820971868,0.08117865546899981,0.33838863846885847
Census Tract 3901; Contra Costa County; California,06013390100,1400000US06013390100,390100,2225.0,0.10786516853932585,0.04312217440699831,0.39977849189821346
Census Tract 3902; Contra Costa County; California,06013390200,1400000US06013390200,390200,1820.0,,0.04418166036093816,0.470237554718757
Census Tract 3910; Contra Costa County; California,06013391000,1400000US06013391000,391000,2568.0,,0.04515539714258441,0.4811579247392397
Census Tract 3920; Contra Costa County; California,06013392000,1400000US06013392000,392000,2588.0,,0.024621252133741223,0.6502020461441049
Census Tract 3922.01; Contra Costa County; California,06013392201,1400000US06013392201,392201,4867.0,,0.10276543011125641,0.42675712316679604
Census Tract 3922.02; Contra Costa County; California,06013392202,1400000US06013392202,392202,4724.0,0.5982218458933107,0.1990316718844925,0.3327054557616216
Census Tract 3923; Contra Costa County; California,06013392300,1400000US06013392300,392300,3754.0,,0.03988579491475523,0.5425046163405477
Census Tract 9800; Contra Costa County; California,06013980000,1400000US06013980000,980000,507.0,,0.16143924999861475,0.553038511819579
Census Tract 9900; Contra Costa County; California,06013990000,1400000US06013990000,990000,0.0,,,
