NAME,GEOID,GEO_ID,tract,total,pct_nh_asian,pct_nh_asian_moe,pct_nh_asian_moe_ratio
Census Tract 3010; Contra Costa County; California,06013301000,1400000US06013301000,301000,5329.0,0.0707449802964909,0.01793505707859571,0.25351702698099876
Census Tract 3020.05; Contra Costa County; California,06013302005,1400000US06013302005,302005,7539.0,,0.021106530284405945,0.5304071060471214
Census Tract 3020.06; Contra Costa County; California,06013302006,1400000US06013302006,302006,4183.0,,0.07166722169331365,0.6574210270682698
Census Tract 3020.07; Contra Costa County; California,06013302007,1400000US06013302007,302007,6652.0,,0.01597583496993694,1.3801461587015653
Census Tract 3020.09; Contra Costa County; California,06013302009,1400000US06013302009,302009,6806.0,0.30825741992359684,0.0787726578290532,0.2555418060936778
Census Tract 3020.11; Contra Costa County; California,06013302011,1400000US06013302011,302011,4915.0,0.15381485249237029,0.05534686455937707,0.35982782977425704
Census Tract 3020.12; Contra Costa County; California,06013302012,1400000US06013302012,302012,5810.0,0.053184165232358006,0.015359986267511491,0.2888075087839539
Census Tract 3020.13; Contra Costa County; California,06013302013,1400000US06013302013,302013,2961.0,,0.03506916357321111,0.6572138819004943
Census Tract 3020.14; Contra Costa County; California,06013302014,1400000US06013302014,302014,7602.0,,0.06776861931940484,0.5146623816844311
Census Tract 3031.04; Contra Costa County; California,06013303104,1400000US06013303104,303104,6060.0,0.16617161716171616,0.03809275942949277,0.22923745992326336
Census Tract 3031.05; Contra Costa County; California,06013303105,1400000US06013303105,303105,3326.0,,0.11671177534143967,0.9704584119640708
Census Tract 3031.06; Contra Costa County; California,06013303106,1400000US06013303106,303106,8245.0,0.12516676773802304,0.041608024325528806,0.3324206982209157
Census Tract 3031.07; Contra Costa County; California,06013303107,1400000US06013303107,303107,7260.0,0.1446280991735537,0.052063240362002786,0.3599801190744193
Census Tract 3032.02; Contra Costa County; California,06013303202,1400000US06013303202,303202,9146.0,,0.06705842455304947,0.5162595546819785
Census Tract 3032.04; Contra Costa County; California,06013303204,1400000US06013303204,303204,4735.0,0.09989440337909188,0.036117708039586034,0.36155887434976713
Census Tract 3032.06; Contra Costa County; California,06013303206,1400000US06013303206,303206,5452.0,0.15187087307410124,0.05836846527245463,0.3843295563592061
Census Tract 3032.07; Contra Costa County; California,06013303207,1400000US06013303207,303207,8270.0,0.18343409915356712,0.03551721350962937,0.19362383370114364
Census Tract 3032.08; Contra Costa County; California,06013303208,1400000US06013303208,303208,4060.0,,0.02991886126429237,0.45156348227891085
Census Tract 3032.09; Contra Costa County; California,06013303209,1400000US06013303209,303209,5340.0,0.3902621722846442,0.10496178715374578,0.2689519881962584
Census Tract 3032.10; Contra Costa County; California,06013303210,1400000US06013303210,303210,3598.0,,0.07727389255063843,0.9489128511849729
Census Tract 3032.11; Contra Costa County; California,06013303211,1400000US06013303211,303211,4679.0,0.07458858730497969,0.018064857546161224,0.2421933193652962
Census Tract 3040.01; Contra Costa County; California,06013304001,1400000US06013304001,304001,5895.0,0.15860899067005937,0.02899148053882285,0.182785858584343
Census Tract 3040.02; Contra Costa County; California,06013304002,1400000US06013304002,304002,1997.0,,0.0320146611927493,1.253593694155301
Census Tract 3040.03; Contra Costa County; California,06013304003,1400000US06013304003,304003,3279.0,,0.021195991416632174,0.4572477358890586
Census Tract 3040.04; Contra Costa County; California,06013304004,1400000US06013304004,304004,3634.0,,0.03429978828441725,0.6924746145865127
Census Tract 3040.06; Contra Costa County; California,06013304006,1400000US06013304006,304006,3292.0,,0.057633749422270356,0.8073629919068681
Census Tract 3040.07; Contra Costa County; California,06013304007,1400000US06013304007,304007,5509.0,,0.03855406279443242,0.41483267955962544
Census Tract 3050; Contra Costa County; California,06013305000,1400000US06013305000,305000,7425.0,,0.07108272468108189,1.057693849212491
Census Tract 3060.02; Contra Costa County; California,06013306002,1400000US06013306002,306002,4439.0,,0.07111656458815,0.45292170761377015
Census Tract 3060.03; Contra Costa County; California,06013306003,1400000US06013306003,306003,5166.0,,0.0550063455746577,0.5787429353129973
Census Tract 3060.04; Contra Costa County; California,06013306004,1400000US06013306004,306004,3863.0,,0.015318169646737542,0.8106039636348921
Census Tract 3071.01; Contra Costa County; California,06013307101,1400000US06013307101,307101,4696.0,0.08028109028960818,0.014874531979265736,0.18528064237302888
Census Tract 3071.02; Contra Costa County; California,06013307102,1400000US06013307102,307102,5694.0,,0.037925021310284766,1.1188863800039452
Census Tract 3072.01; Contra Costa County; California,06013307201,1400000US06013307201,307201,4224.0,,0.005620777047656871,1.249587486805401
Census Tract 3072.02; Contra Costa County; California,06013307202,1400000US06013307202,307202,4481.0,,0.018886871681763943,0.8060197333903261
Census Tract 3072.04; Contra Costa County; California,06013307204,1400000US06013307204,307204,4567.0,,0.0633909055699192,0.7461501694273738
Census Tract 3072.05; Contra Costa County; California,06013307205,1400000US06013307205,307205,7818.0,0.07329240214888719,0.024076398693937018,0.328497879562303
Census Tract 3080.01; Contra Costa County; California,06013308001,1400000US06013308001,308001,7523.0,0.12521600425362223,0.04029915949893395,0.32183713047821666
Census Tract 3080.02; Contra Costa County; California,06013308002,1400000US06013308002,308002,4486.0,,0.08195031501557429,0.4601115308634121
Census Tract 3090; Contra Costa County; California,06013309000,1400000US06013309000,309000,3600.0,0.08694444444444445,0.024391537677766903,0.2805416474120155
Census Tract 3100; Contra Costa County; California,06013310000,1400000US06013310000,310000,6257.0,,0.026839099451346767,0.5135542668717943
Census Tract 3110; Contra Costa County; California,06013311000,1400000US06013311000,311000,5392.0,,0.0420114980684024,0.45305199516965156
Census Tract 3120; Contra Costa County; California,06013312000,1400000US06013312000,312000,2818.0,0.13662171753016322,0.044742071163125244,0.3274887182797064
Census Tract 3131.02; Contra Costa County; California,06013313102,1400000US06013313102,313102,4796.0,,0.06712585387048475,0.4833867795237911
Census Tract 3131.04; Contra Costa County; California,06013313104,1400000US06013313104,313104,2909.0,,0.2023011914008999,0.8628946712393222
Census Tract 3131.05; Contra Costa County; California,06013313105,1400000US06013313105,313105,6007.0,,0.0354072313411561,0.43229926558196075
Census Tract 3131.06; Contra Costa County; California,06013313106,1400000US06013313106,313106,7094.0,,0.05029326963148372,0.40451298726275003
Census Tract 3131.07; Contra Costa County; California,06013313107,1400000US06013313107,313107,2718.0,0.10632818248712289,0.029410263316150195,0.2765989470356271
Census Tract 3132.03; Contra Costa County; California,06013313203,1400000US06013313203,313203,3382.0,0.1354228267297457,0.04911367257593261,0.3626690843925854
Census Tract 3132.04; Contra Costa County; California,06013313204,1400000US06013313204,313204,5864.0,0.14529331514324692,0.055574127682169405,0.3824961088359641
Census Tract 3132.05; Contra Costa County; California,06013313205,1400000US06013313205,313205,1978.0,0.20020222446916078,0.04751875997162915,0.2373538061209153
Census Tract 3132.06; Contra Costa County; California,06013313206,1400000US06013313206,313206,6290.0,0.1492845786963434,0.03839983086104932,0.257225704063898
Census Tract 3141.02; Contra Costa County; California,06013314102,1400000US06013314102,314102,6912.0,0.1535011574074074,0.05195446237292237,0.33846300086865166
Census Tract 3141.03; Contra Costa County; California,06013314103,1400000US06013314103,314103,5554.0,0.11505221462009363,0.04200802373270506,0.36512138311650066
Census Tract 3141.05; Contra Costa County; California,06013314105,1400000US06013314105,314105,3958.0,,0.032448737727188925,0.5657801934987391
Census Tract 3141.06; Contra Costa County; California,06013314106,1400000US06013314106,314106,4176.0,0.07567049808429119,0.0023066924769047513,0.030483379061880513
Census Tract 3142; Contra Costa County; California,06013314200,1400000US06013314200,314200,7185.0,,0.04184749371312504,0.6277124056968756
Census Tract 3150; Contra Costa County; California,06013315000,1400000US06013315000,315000,3772.0,0.15190880169671261,0.04237286086752559,0.2789361800912854
Census Tract 3160; Contra Costa County; California,06013316000,1400000US06013316000,316000,1112.0,,0.016007256143537246,1.0470628724478481
Census Tract 3170; Contra Costa County; California,06013317000,1400000US06013317000,317000,1934.0,,0.06055855203177082,0.8077257905478948
Census Tract 3180; Contra Costa County; California,06013318000,1400000US06013318000,318000,3512.0,,0.03356990013804984,0.580775809284882
Census Tract 3190.01; Contra Costa County; California,06013319001,1400000US06013319001,319001,4236.0,,0.052939719404709665,0.4585943791377304
Census Tract 3190.02; Contra Costa County; California,06013319002,1400000US06013319002,319002,3943.0,,0.02689204572359177,1.1161614346118143
Census Tract 3200.01; Contra Costa County; California,06013320001,1400000US06013320001,320001,3100.0,,0.036644447959429484,0.5623652904664921
Census Tract 3200.03; Contra Costa County; California,06013320003,1400000US06013320003,320003,3068.0,0.1016949152542373,0.01875301570779541,0.1844046544599882
Census Tract 3200.04; Contra Costa County; California,06013320004,1400000US06013320004,320004,6599.0,0.14714350659190786,0.051488671456887035,0.34992146544181
Census Tract 3211.01; Contra Costa County; California,06013321101,1400000US06013321101,321101,6866.0,0.10195164579085349,0.023621824834662995,0.23169635616399445
Census Tract 3211.02; Contra Costa County; California,06013321102,1400000US06013321102,321102,6133.0,0.1436491113647481,0.028496710497157036,0.19837721393764368
Census Tract 3211.03; Contra Costa County; California,06013321103,1400000US06013321103,321103,4546.0,0.1106467223933128,0.02681063554803439,0.24230844771643012
Census Tract 3212; Contra Costa County; California,06013321200,1400000US06013321200,321200,5616.0,0.3554131054131054,0.09741578391500842,0.27409170464262894
Census Tract 3220; Contra Costa County; California,06013322000,1400000US06013322000,322000,6755.0,,0.0867770009557792,0.4971829019985483
Census Tract 3230; Contra Costa County; California,06013323000,1400000US06013323000,323000,4669.0,0.12122510173484687,0.031164479634994434,0.25707942652966254
Census Tract 3240.02; Contra Costa County; California,06013324002,1400000US06013324002,324002,4740.0,0.20316455696202532,0.06718984250896352,0.33071635876686095
Census Tract 3240.03; Contra Costa County; California,06013324003,1400000US06013324003,324003,3449.0,0.26239489707161495,0.07019416963628333,0.267513470801703
Census Tract 3240.04; Contra Costa County; California,06013324004,1400000US06013324004,324004,2413.0,,0.08991615271408059,0.4931083556797192
Census Tract 3250; Contra Costa County; California,06013325000,1400000US06013325000,325000,6161.0,,0.060951115340282844,0.4508041075768098
Census Tract 3260; Contra Costa County; California,06013326000,1400000US06013326000,326000,3639.0,,0.04157752413747709,0.4398273556287184
Census Tract 3270.01; Contra Costa County; California,06013327001,1400000US06013327001,327001,3479.0,,0.04094250153220995,0.9370984396747264
Census Tract 3270.02; Contra Costa County; California,06013327002,1400000US06013327002,327002,3833.0,0.18888599008609444,0.06403106206012103,0.33899317800613804
Census Tract 3280; Contra Costa County; California,06013328000,1400000US06013328000,328000,2326.0,,0.09709801273805783,0.48991318357640457
Census Tract 3290; Contra Costa County; California,06013329000,1400000US06013329000,329000,6488.0,0.08970406905055488,0.009511105217425077,0.10602757843754965
Census Tract 3300; Contra Costa County; California,06013330000,1400000US06013330000,330000,5587.0,0.10542330409880078,0.03143795041159101,0.29820684032183187
Census Tract 3310; Contra Costa County; California,06013331000,1400000US06013331000,331000,7789.0,0.14815765823597382,0.04930411442101006,0.3327814100738712
Census Tract 3320; Contra Costa County; California,06013332000,1400000US06013332000,332000,8109.0,0.16623504747811074,0.045213586658016676,0.271985885912357
Census Tract 3331.01; Contra Costa County; California,06013333101,1400000US06013333101,333101,3951.0,,0.06705064661820831,0.4252280975739022
Census Tract 3331.02; Contra Costa County; California,06013333102,1400000US06013333102,333102,4251.0,0.1714890613973183,0.05707414537452498,0.3328150781716127
Census Tract 3332; Contra Costa County; California,06013333200,1400000US06013333200,333200,5866.0,,0.04382519035987986,0.4991816828175831
Census Tract 3340.01; Contra Costa County; California,06013334001,1400000US06013334001,334001,3960.0,,0.12229271824946178,0.5039325330570954
Census Tract 3340.06; Contra Costa County; California,06013334006,1400000US06013334006,334006,4731.0,0.12280701754385964,0.02318455296429331,0.18878850270924552
Census Tract 3340.07; Contra Costa County; California,06013334007,1400000US06013334007,334007,3435.0,0.17234352256186317,0.057582018458418004,0.33411188075112475
Census Tract 3340.08; Contra Costa County; California,06013334008,1400000US06013334008,334008,3793.0,0.1244397574479304,0.03237196500507631,0.2601416594581662
Census Tract 3342; Contra Costa County; California,06013334200,1400000US06013334200,334200,7547.0,,0.04625514832659722,0.4288545508855396
Census Tract 3350; Contra Costa County; California,06013335000,1400000US06013335000,335000,3612.0,,0.06186526449511696,0.4954708101027992
Census Tract 3361.01; Contra Costa County; California,06013336101,1400000US06013336101,336101,4438.0,,0.038395353004733714,0.49248143536129546
Census Tract 3361.03; Contra Costa County; California,06013336103,1400000US06013336103,336103,4862.0,,0.06423985982146332,0.45200318155130925
Census Tract 3361.04; Contra Costa County; California,06013336104,1400000US06013336104,336104,2539.0,,0.04968927987376999,0.48523492922885386
Census Tract 3362.01; Contra Costa County; California,06013336201,1400000US06013336201,336201,3376.0,0.1134478672985782,0.022825732558987847,0.20120019091160046
Census Tract 3362.02; Contra Costa County; California,06013336202,1400000US06013336202,336202,6012.0,,0.07266545981649827,0.5887665019094173
Census Tract 3371; Contra Costa County; California,06013337100,1400000US06013337100,337100,3160.0,0.1300632911392405,0.031326583631280026,0.24085645808964692
Census Tract 3372.01; Contra Costa County; California,06013337201,1400000US06013337201,337201,3139.0,,0.050736512734896565,0.5170841346585725
Census Tract 3372.02; Contra Costa County; California,06013337202,1400000US06013337202,337202,5515.0,0.10208522212148685,0.02131914728540735,0.20883676248494057
Census Tract 3373; Contra Costa County; California,06013337300,1400000US06013337300,337300,5994.0,,0.0649056589704948,0.4006637691752274
Census Tract 3381.01; Contra Costa County; California,06013338101,1400000US06013338101,338101,5543.0,0.1340429370377052,0.051754191749177565,0.38610159470483346
Census Tract 3381.02; Contra Costa County; California,06013338102,1400000US06013338102,338102,3231.0,0.14948932219127206,0.05129856394030727,0.34315871654478836
Census Tract 3382.01; Contra Costa County; California,06013338201,1400000US06013338201,338201,4019.0,0.1430704155262503,0.035466601668670265,0.2478961254024101
Census Tract 3382.03; Contra Costa County; California,06013338203,1400000US06013338203,338203,5431.0,0.29534155772417603,0.08997655482808793,0.30465253695221045
Census Tract 3382.04; Contra Costa County; California,06013338204,1400000US06013338204,338204,6600.0,0.16984848484848486,0.03599873999895005,0.2119461944630422
Census Tract 3383.01; Contra Costa County; California,06013338301,1400000US06013338301,338301,2910.0,0.1422680412371134,0.033946114474739046,0.2386067466702672
Census Tract 3383.02; Contra Costa County; California,06013338302,1400000US06013338302,338302,5513.0,0.18120805369127516,0.062473494223139525,0.3447611347869552
Census Tract 3390.01; Contra Costa County; California,06013339001,1400000US06013339001,339001,3659.0,0.1292702924296256,0.04851326215738211,0.37528546772486493
Census Tract 3390.03; Contra Costa County; California,06013339003,1400000US06013339003,339003,4153.0,0.17962918372261016,0.06443187063510436,0.358693778482022
Census Tract 3390.04; Contra Costa County; California,06013339004,1400000US06013339004,339004,3319.0,,0.10772125583624823,0.5035589410147998
Census Tract 3400.01; Contra Costa County; California,06013340001,1400000US06013340001,340001,6118.0,0.14759725400457666,0.057898130321831706,0.39227105349830166
Census Tract 3400.03; Contra Costa County; California,06013340003,1400000US06013340003,340003,3718.0,,0.10571907825138292,0.45127845343127637
Census Tract 3400.04; Contra Costa County; California,06013340004,1400000US06013340004,340004,3940.0,0.1446700507614213,0.056521526338637496,0.3906926557442662
Census Tract 3410; Contra Costa County; California,06013341000,1400000US06013341000,341000,4760.0,,0.08787442569403332,0.452197044652539
Census Tract 3430.01; Contra Costa County; California,06013343001,1400000US06013343001,343001,5940.0,,0.03976503405279726,0.7114587417879992
Census Tract 3430.02; Contra Costa County; California,06013343002,1400000US06013343002,343002,4658.0,,0.05436545605458063,0.4234687195689575
Census Tract 3430.03; Contra Costa County; California,06013343003,1400000US06013343003,343003,3847.0,0.11229529503509228,0.04261719328157535,0.3795100522088435
Census Tract 3451.01; Contra Costa County; California,06013345101,1400000US06013345101,345101,6622.0,0.4269102990033223,0.13819250560612104,0.3237038458166726
Census Tract 3451.02; Contra Costa County; California,06013345102,1400000US06013345102,345102,4533.0,0.2770791969997794,0.05087492338240347,0.18361148701626986
Census Tract 3451.03; Contra Costa County; California,06013345103,1400000US06013345103,345103,5286.0,0.288687097994703,0.04543197592520299,0.15737445920093251
Census Tract 3451.05; Contra Costa County; California,06013345105,1400000US06013345105,345105,6233.0,0.22204395957003048,0.08131436636272636,0.36620841440670043
Census Tract 3451.11; Contra Costa County; California,06013345111,1400000US06013345111,345111,5850.0,0.5131623931623932,0.04889298455898023,0.09527780135577425
Census Tract 3451.12; Contra Costa County; California,06013345112,1400000US06013345112,345112,7723.0,0.4880227890716043,0.061324991093891223,0.12566009716585883
Census Tract 3451.13; Contra Costa County; California,06013345113,1400000US06013345113,345113,4767.0,0.33857772183763374,0.0638509803910804,0.18858588818109065
Census Tract 3451.14; Contra Costa County; California,06013345114,1400000US06013345114,345114,6571.0,0.1403134987064374,0.05263280884951439,0.3751086626357473
Census Tract 3451.15; Contra Costa County; California,06013345115,1400000US06013345115,345115,6758.0,0.40633323468481797,0.11831057124251582,0.2911663657891194
Census Tract 3451.16; Contra Costa County; California,06013345116,1400000US06013345116,345116,2961.0,0.2911178655859507,0.04810878075704915,0.16525533621997973
Census Tract 3451.17; Contra Costa County; California,06013345117,1400000US06013345117,345117,4652.0,0.29750644883920896,0.057037423263687825,0.19171827530540156
Census Tract 3451.18; Contra Costa County; California,06013345118,1400000US06013345118,345118,3525.0,0.2924822695035461,0.06960620579280465,0.23798436025182965
Census Tract 3452.03; Contra Costa County; California,06013345203,1400000US06013345203,345203,6954.0,0.055795225769341386,0.019663576679133175,0.352424000584258
Census Tract 3452.04; Contra Costa County; California,06013345204,1400000US06013345204,345204,3152.0,,0.05497467940646084,0.6716286414308705
Census Tract 3452.05; Contra Costa County; California,06013345205,1400000US06013345205,345205,5779.0,0.33396781450077867,0.08940755206302581,0.2677130794674747
Census Tract 3452.06; Contra Costa County; California,06013345206,1400000US06013345206,345206,3622.0,0.11512976256212037,0.04324852595021709,0.37565026616711344
Census Tract 3461.01; Contra Costa County; California,06013346101,1400000US06013346101,346101,3364.0,0.19054696789536266,0.07308689771757684,0.3835636878657231
Census Tract 3461.02; Contra Costa County; California,06013346102,1400000US06013346102,346102,5396.0,0.12157153446997776,0.023892976919454387,0.19653430405087785
Census Tract 3462.03; Contra Costa County; California,06013346203,1400000US06013346203,346203,4033.0,0.07959335482271263,0.02706615725285591,0.3400554897220183
Census Tract 3462.04; Contra Costa County; California,06013346204,1400000US06013346204,346204,7894.0,,0.11977443889628188,0.6498277805135733
Census Tract 3462.05; Contra Costa County; California,06013346205,1400000US06013346205,346205,4325.0,,0.04062695764697582,0.4894473309837616
Census Tract 3462.06; Contra Costa County; California,06013346206,1400000US06013346206,346206,3216.0,,0.09978112399831834,0.6182969070878455
Census Tract 3470; Contra Costa County; California,06013347000,1400000US06013347000,347000,6724.0,,0.041165536864633215,0.40115517373593296
Census Tract 3480; Contra Costa County; California,06013348000,1400000US06013348000,348000,4819.0,0.07242166424569413,0.016123532159156774,0.2226341016474971
Census Tract 3490; Contra Costa County; California,06013349000,1400000US06013349000,349000,5815.0,0.11745485812553741,0.03916309086531712,0.3334310005590323
Census Tract 3500; Contra Costa County; California,06013350000,1400000US06013350000,350000,6150.0,0.16048780487804878,0.04952931822996538,0.3086173324359545
Census Tract 3511.01; Contra Costa County; California,06013351101,1400000US06013351101,351101,2737.0,0.08951406649616368,0.034897542083554674,0.38985539870485364
Census Tract 3511.03; Contra Costa County; California,06013351103,1400000US06013351103,351103,1929.0,0.18299637117677553,0.06639315293925185,0.362811308838008
Census Tract 3511.04; Contra Costa County; California,06013351104,1400000US06013351104,351104,1667.0,,0.05262589178065231,0.7018188927867792
Census Tract 3511.05; Contra Costa County; California,06013351105,1400000US06013351105,351105,1814.0,,0.034815471518423124,0.5307165154152903
Census Tract 3512; Contra Costa County; California,06013351200,1400000US06013351200,351200,5525.0,,0.036429222889692574,0.4502717146880346
Census Tract 3521.01; Contra Costa County; California,06013352101,1400000US06013352101,352101,3628.0,0.19018743109151048,0.03771886181189133,0.19832468210658225
Census Tract 3521.02; Contra Costa County; California,06013352102,1400000US06013352102,352102,5187.0,0.2062849431270484,0.0457746195271498,0.22189995466105233
Census Tract 3522.01; Contra Costa County; California,06013352201,1400000US06013352201,352201,6070.0,0.25304777594728173,0.08534576413188949,0.3372713465368289
Census Tract 3522.02; Contra Costa County; California,06013352202,1400000US06013352202,352202,2674.0,0.19409124906507105,0.04886862923475648,0.2517817236488224
Census Tract 3530.01; Contra Costa County; California,06013353001,1400000US06013353001,353001,4420.0,0.21244343891402714,0.031436000602330406,0.14797350656262023
Census Tract 3530.02; Contra Costa County; California,06013353002,1400000US06013353002,353002,4182.0,0.11573409851745577,0.04027754700234595,0.3480179784376255
Census Tract 3540.01; Contra Costa County; California,06013354001,1400000US06013354001,354001,2396.0,,0.1111828995526193,0.6312659415357248
Census Tract 3540.02; Contra Costa County; California,06013354002,1400000US06013354002,354002,6943.0,0.08108886648422872,0.023422375417041914,0.2888482282780142
Census Tract 3551.07; Contra Costa County; California,06013355107,1400000US06013355107,355107,5607.0,,0.05707703528322534,0.5153477243688317
Census Tract 3551.09; Contra Costa County; California,06013355109,1400000US06013355109,355109,7471.0,,0.08240815798102263,0.4378885834112518
Census Tract 3551.10; Contra Costa County; California,06013355110,1400000US06013355110,355110,4112.0,0.17193579766536965,0.05680433175688708,0.33038106390992883
Census Tract 3551.11; Contra Costa County; California,06013355111,1400000US06013355111,355111,6569.0,0.2003349063784442,0.030144730996565824,0.1504716853468396
Census Tract 3551.12; Contra Costa County; California,06013355112,1400000US06013355112,355112,5800.0,0.15637931034482758,0.04994126869573614,0.3193598218690955
Census Tract 3551.13; Contra Costa County; California,06013355113,1400000US06013355113,355113,5423.0,0.22017333579199705,0.023852596931866494,0.10833553866123283
Census Tract 3551.15; Contra Costa County; California,06013355115,1400000US06013355115,355115,10013.0,0.5725556776190952,0.05395077311022397,0.09422799427048187
Census Tract 3551.18; Contra Costa County; California,06013355118,1400000US06013355118,355118,3769.0,,0.10009804523950737,0.4201219738393132
Census Tract 3551.19; Contra Costa County; California,06013355119,1400000US06013355119,355119,5288.0,0.1575264750378215,0.039939478051075956,0.2535413684682949
Census Tract 3551.20; Contra Costa County; California,06013355120,1400000US06013355120,355120,4036.0,0.11694747274529237,0.014047537710784304,0.12011835212018104
Census Tract 3551.21; Contra Costa County; California,06013355121,1400000US06013355121,355121,6409.0,0.6433140895615541,0.08881654636606677,0.13806093758431284
Census Tract 3551.22; Contra Costa County; California,06013355122,1400000US06013355122,355122,5559.0,0.5589134736463393,0.1716552262841962,0.30712307786090975
Census Tract 3551.23; Contra Costa County; California,06013355123,1400000US06013355123,355123,3333.0,0.7122712271227123,0.0316150836275772,0.04438629895986302
Census Tract 3551.24; Contra Costa County; California,06013355124,1400000US06013355124,355124,4601.0,0.8772006085633558,0.05418369399096014,0.06176887414578979
Census Tract 3551.25; Contra Costa County; California,06013355125,1400000US06013355125,355125,4096.0,0.740234375,0.10230531858299016,0.13820665729417142
Census Tract 3551.26; Contra Costa County; California,06013355126,1400000US06013355126,355126,5773.0,0.6750389745366361,,
Census Tract 3552.01; Contra Costa County; California,06013355201,1400000US06013355201,355201,8114.0,0.5098595020951442,0.15113113088619926,0.296417209574721
Census Tract 3552.02; Contra Costa County; California,06013355202,1400000US06013355202,355202,3981.0,0.39211253453906053,0.13240118313581195,0.3376611851785185
Census Tract 3553.02; Contra Costa County; California,06013355302,1400000US06013355302,355302,3454.0,,0.1160510245827858,0.449372465144554
Census Tract 3553.06; Contra Costa County; California,06013355306,1400000US06013355306,355306,4550.0,,0.022949204289886494,0.502013843841267
Census Tract 3553.07; Contra Costa County; California,06013355307,1400000US06013355307,355307,4397.0,,0.11885382121459748,0.5601288873318169
Census Tract 3553.08; Contra Costa County; California,06013355308,1400000US06013355308,355308,3570.0,0.10420168067226891,0.006837572814845026,0.06561864233601275
Census Tract 3553.09; Contra Costa County; California,06013355309,1400000US06013355309,355309,5150.0,0.1337864077669903,0.0335077293494447,0.2504569029748044
Census Tract 3553.10; Contra Costa County; California,06013355310,1400000US06013355310,355310,3070.0,,0.061240991814919196,0.5784918303747751
Census Tract 3560.01; Contra Costa County; California,06013356001,1400000US06013356001,356001,4025.0,0.2546583850931677,0.07221187704794536,0.2835637123102245
Census Tract 3560.02; Contra Costa County; California,06013356002,1400000US06013356002,356002,5688.0,0.30643459915611815,0.071319081916015,0.23273834649357047
Census Tract 3570; Contra Costa County; California,06013357000,1400000US06013357000,357000,3458.0,,0.024518826853662412,0.6522007943074202
Census Tract 3580; Contra Costa County; California,06013358000,1400000US06013358000,358000,5859.0,0.2078853046594982,0.04835601564692282,0.2326091097498529
Census Tract 3591.02; Contra Costa County; California,06013359102,1400000US06013359102,359102,5061.0,0.29717447144833037,0.055844116323617105,0.18791693664483122
Census Tract 3591.03; Contra Costa County; California,06013359103,1400000US06013359103,359103,5435.0,0.2954921803127875,0.0856592396980482,0.289886654893457
Census Tract 3591.04; Contra Costa County; California,06013359104,1400000US06013359104,359104,2537.0,0.25936145053212456,,
Census Tract 3591.05; Contra Costa County; California,06013359105,1400000US06013359105,359105,4927.0,0.4487517759285569,0.06798237762185175,0.15149216397234896
Census Tract 3592.02; Contra Costa County; California,06013359202,1400000US06013359202,359202,6819.0,,0.07927835510650039,0.5253635602247095
Census Tract 3592.03; Contra Costa County; California,06013359203,1400000US06013359203,359203,7200.0,0.3690277777777778,0.049160362007301256,0.13321588500284873
Census Tract 3592.04; Contra Costa County; California,06013359204,1400000US06013359204,359204,4340.0,0.356221198156682,0.07309591189376892,0.20519809677810938
Census Tract 3601.01; Contra Costa County; California,06013360101,1400000US06013360101,360101,4224.0,0.2544981060606061,0.08877070141969651,0.3488069235319051
Census Tract 3601.02; Contra Costa County; California,06013360102,1400000US06013360102,360102,5030.0,,0.055026783403710186,0.4011372761169018
Census Tract 3602; Contra Costa County; California,06013360200,1400000US06013360200,360200,5482.0,0.22564757387814666,0.0579109221585954,0.25664322980874693
Census Tract 3610; Contra Costa County; California,06013361000,1400000US06013361000,361000,4973.0,0.19565654534486226,0.045551541908260655,0.23281379024643395
Census Tract 3620; Contra Costa County; California,06013362000,1400000US06013362000,362000,2832.0,,0.0655161733838305,0.5798181344469
Census Tract 3630; Contra Costa County; California,06013363000,1400000US06013363000,363000,7793.0,0.24303862440651866,0.08459442541979253,0.3480698824162847
Census Tract 3640.02; Contra Costa County; California,06013364002,1400000US06013364002,364002,5426.0,0.2296350903059344,0.08214535578951046,0.3577212684702117
Census Tract 3650.02; Contra Costa County; California,06013365002,1400000US06013365002,365002,5171.0,,0.036219747218777416,0.5305731242727989
Census Tract 3650.03; Contra Costa County; California,06013365003,1400000US06013365003,365003,5416.0,,0.06800808158608025,0.4248347980048565
Census Tract 3660.01; Contra Costa County; California,06013366001,1400000US06013366001,366001,4690.0,,0.09793642261537944,0.4093777380268534
Census Tract 3660.02; Contra Costa County; California,06013366002,1400000US06013366002,366002,6876.0,0.08449680046538685,0.02752063640222461,0.32570033718020036
Census Tract 3671; Contra Costa County; California,06013367100,1400000US06013367100,367100,5773.0,0.2033604711588429,0.0600428495002942,0.2952532965632014
Census Tract 3672; Contra Costa County; California,06013367200,1400000US06013367200,367200,5869.0,0.23274833872891465,0.06827268171626173,0.29333262737389465
Census Tract 3680.01; Contra Costa County; California,06013368001,1400000US06013368001,368001,5013.0,0.04727707959305805,0.018700875465835407,0.3955590240938097
Census Tract 3680.02; Contra Costa County; California,06013368002,1400000US06013368002,368002,4102.0,,0.02459039660045555,0.4083797848383347
Census Tract 3690.01; Contra Costa County; California,06013369001,1400000US06013369001,369001,7347.0,0.345719341227712,0.12131285486284162,0.3508998207390935
Census Tract 3690.02; Contra Costa County; California,06013369002,1400000US06013369002,369002,2728.0,,0.06151474667273186,0.6821635322081809
Census Tract 3700; Contra Costa County; California,06013370000,1400000US06013370000,370000,2960.0,0.20236486486486485,0.0334083495970756,0.1650896741357993
Census Tract 3710; Contra Costa County; California,06013371000,1400000US06013371000,371000,5776.0,0.15373961218836565,0.04351664459061148,0.2830542107605539
Census Tract 3720; Contra Costa County; California,06013372000,1400000US06013372000,372000,7610.0,0.1659658344283837,0.054458472712345427,0.3281306233895081
Census Tract 3730; Contra Costa County; California,06013373000,1400000US06013373000,373000,4386.0,,0.022781892934471807,0.8540289094922509
Census Tract 3740; Contra Costa County; California,06013374000,1400000US06013374000,374000,4687.0,,0.05592184708180695,0.502118194008485
Census Tract 3750; Contra Costa County; California,06013375000,1400000US06013375000,375000,5271.0,,0.02339838041814262,0.7047592181944557
Census Tract 3760; Contra Costa County; California,06013376000,1400000US06013376000,376000,6712.0,,0.02559513521376014,0.6006802362054477
Census Tract 3770; Contra Costa County; California,06013377000,1400000US06013377000,377000,7826.0,,0.03550122859257972,0.5458401079872867
Census Tract 3780; Contra Costa County; California,06013378000,1400000US06013378000,378000,3887.0,,0.05633634540456705,0.7109719954141303
Census Tract 3790; Contra Costa County; California,06013379000,1400000US06013379000,379000,8383.0,,0.019450679441885905,0.9425147153834078
Census Tract 3800.01; Contra Costa County; California,06013380001,1400000US06013380001,380001,2896.0,0.20096685082872928,0.04078993665326427,0.20296848204098508
Census Tract 3800.02; Contra Costa County; California,06013380002,1400000US06013380002,380002,3470.0,0.17031700288184437,0.049911721954832365,0.2930519038633982
Census Tract 3810; Contra Costa County; California,06013381000,1400000US06013381000,381000,6703.0,,0.033253074685422684,0.47424544599231544
Census Tract 3820; Contra Costa County; California,06013382000,1400000US06013382000,382000,8477.0,,0.038404136819188354,0.5823825900111981
Census Tract 3830; Contra Costa County; California,06013383000,1400000US06013383000,383000,5848.0,0.18365253077975377,0.036696114633704105,0.1998127359198339
Census Tract 3840; Contra Costa County; California,06013384000,1400000US06013384000,384000,3826.0,0.14741244119184527,0.030042031361186612,0.20379576593599288
Census Tract 3851; Contra Costa County; California,06013385100,1400000US06013385100,385100,3100.0,0.27,0.05450754265269513,0.20187978760257455
Census Tract 3852; Contra Costa County; California,06013385200,1400000US06013385200,385200,1413.0,0.3227176220806794,0.0623253204347976,0.19312648634730045
Census Tract 3860; Contra Costa County; California,06013386000,1400000US06013386000,386000,3758.0,0.42309739222990955,0.06429836101964376,0.15197059164265486
Census Tract 3870; Contra Costa County; California,06013387000,1400000US06013387000,387000,3090.0,0.298705501618123,0.07770454570325452,0.26013764487871777
Census Tract 3880; Contra Costa County; California,06013388000,1400000US06013388000,388000,2711.0,0.3094798967170786,0.08943254914445174,0.28897692578141676
Census Tract 3891; Contra Costa County; California,06013389100,1400000US06013389100,389100,2455.0,0.3360488798370672,0.05521020660080671,0.16429219055149147
Census Tract 3892; Contra Costa County; California,06013389200,1400000US06013389200,389200,1955.0,0.48695652173913045,0.09675166705019482,0.19868645912093577
Census Tract 3901; Contra Costa County; California,06013390100,1400000US06013390100,390100,2225.0,0.17393258426966293,0.0334087301736625,0.1920786166315221
Census Tract 3902; Contra Costa County; California,06013390200,1400000US06013390200,390200,1820.0,0.19065934065934065,0.06002118148333504,0.31480850230452384
Census Tract 3910; Contra Costa County; California,06013391000,1400000US06013391000,391000,2568.0,0.102803738317757,0.024784942942779352,0.24108989953430826
Census Tract 3920; Contra Costa County; California,06013392000,1400000US06013392000,392000,2588.0,,0.06118757181493635,0.5367913079900178
Census Tract 3922.01; Contra Costa County; California,06013392201,1400000US06013392201,392201,4867.0,0.47257037189233614,0.09210868807992527,0.19490999342825926
Census Tract 3922.02; Contra Costa County; California,06013392202,1400000US06013392202,392202,4724.0,,0.04836167585707065,0.5545159144388392
Census Tract 3923; Contra Costa County; California,06013392300,1400000US06013392300,392300,3754.0,0.6134789557805008,0.10885784120437056,0.1774434806257955
Census Tract 9800; Contra Costa County; California,06013980000,1400000US06013980000,980000,507.0,,0.03746828334739503,1.7269472415572071
Census Tract 9900; Contra Costa County; California,06013990000,1400000US06013990000,990000,0.0,,,
